6eUKZXaKkcviH0Ku9w2n3V,Ed Sheeran,14444820,['pop'],6eUKZXaKkcviH0Ku9w2n3V,"[{'height': 640, 'url': 'https://i.scdn.co/image/f0370da3f52161b07a461b4be9a64d0adbfb498d', 'width': 640}, {'height': 320, 'url': 'https://i.scdn.co/image/e21f791b600f04f9dd8ad2b6d9b3304a82e048ca', 'width': 320}, {'height': 160, 'url': 'https://i.scdn.co/image/f39b705ba6b1070c77bce4e9c21dff5bac96f21c', 'width': 160}]",100,"[['The Script'], ['James Bay'], ['Olly Murs'], ['James Arthur'], ['Birdy'], ['Jason Mraz'], ['Shawn Mendes'], ['One Direction'], ['The Vamps'], ['Niall Horan'], ['Little Mix'], ['Sam Smith'], ['ZAYN'], ['Charlie Puth'], ['Hailee Steinfeld'], ['JP Cooper'], ['James TW'], ['OneRepublic'], ['Jasmine Thompson'], ['Passenger']]"
4Q6nIcaBED8qUel8bBx6Cr,Jax Jones,84029,"['house', 'pop', 'tropical house']",4Q6nIcaBED8qUel8bBx6Cr,"[{'height': 640, 'url': 'https://i.scdn.co/image/205a9a0e507f9a1ca3b2343ef9a48e3d5a3d8ef6', 'width': 640}, {'height': 320, 'url': 'https://i.scdn.co/image/90ff51e4c5074e426efc1b4943a9d6628aa04d27', 'width': 320}, {'height': 160, 'url': 'https://i.scdn.co/image/de6140265723123b3dd497eee775b0604e843cc0', 'width': 160}]",79,"[['Blonde'], ['Disciples'], ['Sigala'], ['Gorgon City'], ['Shift K3Y'], ['Matoma'], ['Mike Mago'], ['Duke Dumont'], ['EDX'], ['DJ S.K.T'], ['MK'], ['Felix Jaehn'], ['Michael Calfan'], ['CAZZETTE'], ['Example'], ['Tchami'], ['Kungs'], ['Syn Cole'], ['Gestört aber GeiL'], ['Oliver Heldens']]"
26AHtbjWKiwYzsoGoUZq53,Pentatonix,1669085,"['a cappella', 'pop christmas', 'viral pop']",26AHtbjWKiwYzsoGoUZq53,"[{'height': 640, 'url': 'https://i.scdn.co/image/95e265610647e0e7f5774e843dae34e72c873fe8', 'width': 640}, {'height': 320, 'url': 'https://i.scdn.co/image/82c26d89f496244f4e1fd145868c7cca7a0dcf9c', 'width': 320}, {'height': 160, 'url': 'https://i.scdn.co/image/002648f0bdb4453175478cba1485acfb1b067c32', 'width': 160}]",86,"[['Home Free'], ['Peter Hollens'], ['Straight No Chaser'], ['BYU Vocal Point'], ['VoicePlay'], ['Tufts Beelzebubs'], ['Scott Hoying'], ['The Barden Bellas'], ['Mike Tompkins'], ['Street Corner Symphony'], ['The Dartmouth Aires'], ['The Sing-Off Contestants'], [""The Nor'easters""], ['Voctave'], ['University of Delaware Deltones'], ['Das Sound Machine'], ['Kinfolk 9'], ['Us The Duo'], ['The Treblemakers'], ['Afro Blue']]"
22bE4uQ6baNwSHPVcDxLCe,The Rolling Stones,3262110,"['album rock', 'british invasion', 'classic rock', 'folk rock', 'mellow gold', 'protopunk', 'rock', 'singer-songwriter']",22bE4uQ6baNwSHPVcDxLCe,"[{'height': 1000, 'url': 'https://i.scdn.co/image/b6b925d5b9f0b5fed8ad52ff887d7351bc7e26c7', 'width': 1000}, {'height': 640, 'url': 'https://i.scdn.co/image/a7082b6cb2a0ac9bb7f6ccdaf7d38f7a3e8db213', 'width': 640}, {'height': 200, 'url': 'https://i.scdn.co/image/5b1ea9897b63213a4892643a777b7ce924882857', 'width': 200}, {'height': 64, 'url': 'https://i.scdn.co/image/1b29e6020310c26922cbb3713ba0ee0c7b4ccb74', 'width': 64}]",84,"[['The Animals'], ['The Yardbirds'], ['Jimi Hendrix'], ['The Who'], ['The Kinks'], ['The Doors'], ['Cream'], ['Led Zeppelin'], ['The Byrds'], ['The Hollies'], ['Chuck Berry'], ['George Harrison'], ['Steve Miller Band'], ['Jefferson Airplane'], ['The Velvet Underground'], ['Lynyrd Skynyrd'], ['Eric Clapton'], ['Steppenwolf'], ['Janis Joplin'], ['Faces']]"
4MXUO7sVCaFgFjoTI5ox5c,Sufjan Stevens,504929,"['alternative rock', 'chamber pop', 'folk christmas', 'folk-pop', 'freak folk', 'indie christmas', 'indie folk', 'indie pop', 'indie rock', 'modern rock', 'neo mellow', 'neo-psychedelic', 'pop christmas', 'singer-songwriter', 'stomp and holler']",4MXUO7sVCaFgFjoTI5ox5c,"[{'height': 640, 'url': 'https://i.scdn.co/image/0548c39dccf31b7ee591acfd3146c95b7cfd25ea', 'width': 640}, {'height': 320, 'url': 'https://i.scdn.co/image/cfe6465e57d23916804e75a113d72ddf09e39a29', 'width': 320}, {'height': 160, 'url': 'https://i.scdn.co/image/26f08c6be063b570f12f5123edf904672461903c', 'width': 160}]",76,"[['Andrew Bird'], ['Iron & Wine'], ['Fleet Foxes'], ['The Antlers'], ['Perfume Genius'], ['Dirty Projectors'], ['Sharon Van Etten'], ['Broken Social Scene'], ['M. Ward'], ['Grizzly Bear'], ['Sun Kil Moon'], ['St. Vincent'], ['Conor Oberst'], ['Neutral Milk Hotel'], ['Cass McCombs'], ['Mount Eerie'], ['Volcano Choir'], ['Father John Misty'], ['Yo La Tengo'], ['Animal Collective']]"
2fBURuq7FrlH6z5F92mpOl,Digitalism,152922,"['alternative dance', 'big beat', 'dance-punk', 'electro house', 'electronic', 'filter house', 'indietronica', 'new rave', 'synthpop']",2fBURuq7FrlH6z5F92mpOl,"[{'height': 640, 'url': 'https://i.scdn.co/image/43493894fe8e982b5195854ddb8c4eca956ca52a', 'width': 640}, {'height': 320, 'url': 'https://i.scdn.co/image/7273d16daab45d94ff06cbb856f4fe0945be7983', 'width': 320}, {'height': 160, 'url': 'https://i.scdn.co/image/1ccc0ae9396a151c12a656385c4ec6836c49d360', 'width': 160}]",60,"[['Simian Mobile Disco'], ['Soulwax'], ['Boys Noize'], ['Vitalic'], ['Midnight Juggernauts'], ['The Whip'], ['MSTRKRFT'], ['Justice'], ['The Bloody Beetroots'], ['The Presets'], ['The Toxic Avenger'], ['Busy P'], ['Danger'], ['Does It Offend You, Yeah?'], ['Yuksek'], ['Mr. Oizo'], ['Sebastian'], ['Kavinsky'], ['Cut Copy'], ['Siriusmo']]"
2sil8z5kiy4r76CRTXxBCA,The Goo Goo Dolls,586281,"['alternative rock', 'modern rock', 'neo mellow', 'permanent wave', 'pop rock', 'post-grunge', 'rock']",2sil8z5kiy4r76CRTXxBCA,"[{'height': 1000, 'url': 'https://i.scdn.co/image/6350e3aaea9824904eae87f99bf387024a8034e6', 'width': 1000}, {'height': 640, 'url': 'https://i.scdn.co/image/ea8f84a9e1a7db7651a964854439333f348b926a', 'width': 640}, {'height': 200, 'url': 'https://i.scdn.co/image/471873a6ebcae42529ef212d52531442ff14f4ae', 'width': 200}, {'height': 64, 'url': 'https://i.scdn.co/image/6d27420d367e4b2f4cd804b9e491534987a30259', 'width': 64}]",75,"[['Matchbox Twenty'], ['Vertical Horizon'], ['Third Eye Blind'], ['Better Than Ezra'], ['Tonic'], ['Collective Soul'], ['Dishwalla'], ['Gin Blossoms'], ['Sugar Ray'], ['The Calling'], ['Hootie & The Blowfish'], ['Eve 6'], ['Rob Thomas'], ['Sister Hazel'], ['Five For Fighting'], ['Everclear'], ['Semisonic'], ['Toad The Wet Sprocket'], ['The Wallflowers'], ['Lifehouse']]"
6TIYQ3jFPwQSRmorSezPxX,Machine Gun Kelly,894561,"['hip hop', 'pop rap', 'rap', 'southern hip hop', 'trap music']",6TIYQ3jFPwQSRmorSezPxX,"[{'height': 640, 'url': 'https://i.scdn.co/image/596309b80b738e4524bc70ba47fb3c7e837d6fbf', 'width': 640}, {'height': 320, 'url': 'https://i.scdn.co/image/1744e79565d68f08684bb3ddd90dd44b7c1e3f05', 'width': 320}, {'height': 160, 'url': 'https://i.scdn.co/image/724774ed8b291ea961d2dfb775499c2c9bee0218', 'width': 160}]",83,"[['Yelawolf'], ['Chris Webby'], ['Tech N9ne'], ['Gorilla Zoe'], ['Krizz Kaliko'], ['Lil Wyte'], ['Hopsin'], ['Rittz'], ['Waka Flocka Flame'], ['Dizzy Wright'], ['Chamillionaire'], ['Jarren Benton'], ['Futuristic'], ['Juicy J'], ['B.o.B'], ['Ace Hood'], ['Stitches'], ['Bad Meets Evil'], ['Caskey'], ['Mac Miller']]"
4O15NlyKLIASxsJ0PrXPfz,Lil Uzi Vert,2476445,['rap'],4O15NlyKLIASxsJ0PrXPfz,"[{'height': 640, 'url': 'https://i.scdn.co/image/17f68c8464b468546a6b0a717708842a3cc4b79d', 'width': 640}, {'height': 320, 'url': 'https://i.scdn.co/image/622c13394c3cf2ed8197edb6f0121b7f3ce8912f', 'width': 320}, {'height': 160, 'url': 'https://i.scdn.co/image/7b94c58fe065dc4443d4be1727d2165aed0758bf', 'width': 160}]",95,"[['Desiigner'], ['A$AP Ferg'], ['Ugly God'], ['A$AP Mob'], ['Playboi Carti'], ['21 Savage'], ['PnB Rock'], ['Lil Yachty'], ['Kodak Black'], ['Young Thug'], ['Travis Scott'], ['MadeinTYO'], ['Wale'], ['Cousin Stizz'], ['Bankroll Mafia'], ['A Boogie Wit da Hoodie'], ['YoungBoy Never Broke Again'], ['Jay Critch'], ['Ski Mask The Slump God'], ['Fetty Wap']]"
2LSJrlndCuTpdEluvYHc2E,S. Carey,40497,"['chamber pop', 'folk-pop', 'indie anthem-folk', 'indie folk', 'indie pop', 'stomp and holler']",2LSJrlndCuTpdEluvYHc2E,"[{'height': 640, 'url': 'https://i.scdn.co/image/fdfe32f5f36388a22a84d6d090bb93b5ed42301c', 'width': 640}, {'height': 320, 'url': 'https://i.scdn.co/image/463030f0673195f0faa39b9c3f3ef5cdd33adbc4', 'width': 320}, {'height': 160, 'url': 'https://i.scdn.co/image/272ad0f470f04d5db86efd70297dd28476abf973', 'width': 160}]",60,"[['Volcano Choir'], ['DeYarmond Edison'], ['Horse Feathers'], ['Patrick Watson'], ['J. Tillman'], ['Gem Club'], ['James Vincent McMorrow'], ['Villagers'], ['Bon Iver'], ['Fionn Regan'], ['Perfume Genius'], ['Sam Amidon'], ['Bowerbirds'], ['The Antlers'], ['Lost In The Trees'], ['The Middle East'], ['The Tallest Man On Earth'], ['Damien Jurado'], ['Sufjan Stevens'], ['Fleet Foxes']]"
79HbBkVgOVUuVhuTJ50pIx,Teenage Wrist,4128,[],79HbBkVgOVUuVhuTJ50pIx,"[{'height': 640, 'url': 'https://i.scdn.co/image/b2058a85a465433e5f009d9f4faa6770486f67ae', 'width': 640}, {'height': 320, 'url': 'https://i.scdn.co/image/86a626c4e46fb4c77edf93bb2186fc56668be939', 'width': 320}, {'height': 160, 'url': 'https://i.scdn.co/image/f998da9864cfd4595fd94a4ca67d0b09076c0c1c', 'width': 160}]",43,"[['Gleemer'], ['Infinity Girl'], ['Nothing'], ['Mumrunner'], ['Deafcult'], ['Narrow Head'], ['Cloakroom'], ['No Sun'], ['Newmoon'], ['I Was Afraid'], ['Funeral Advantage'], ['Paerish'], ['Secret Space'], ['Death Of Lovers'], ['Whirr'], ['Hum'], ['Creepoid'], ['Wildhoney'], ['Big Jesus'], ['Happy Diving']]"
46ZKkiF5p7EUjBL0JknTxQ,Konata Small,834,[],46ZKkiF5p7EUjBL0JknTxQ,"[{'height': 640, 'url': 'https://i.scdn.co/image/22e49b2184c7766aca7867744a5ccb08bd0e6dc6', 'width': 640}, {'height': 320, 'url': 'https://i.scdn.co/image/7f3033b008e50c74bb53a4e62f1e0a26308a8c73', 'width': 320}, {'height': 160, 'url': 'https://i.scdn.co/image/437cf374d2a79ca8cea620fb173421e2ffaf2ace', 'width': 160}]",37,"[['Jarry Manna'], ['Ty Brasel'], ['Lawren'], ['Mogli the Iceburg'], ['Adrian Stresow'], ['Joey Jewish'], ['Hyper Fenton'], ['Big Yae'], ['Zauntee'], ['Lathan Warlick'], ['Fvmeless'], ['Davis Absolute'], ['Kaleb Mitchell'], ['Shiwan'], ['Byron Juane'], [""Ki'Shon""], ['Ikilledmarlon'], ['Davey Asaph'], ['Levi Hinson'], ['WHATUPRG']]"
0rZp7G3gIH6WkyeXbrZnGi,Novo Amor,85218,"['chamber pop', 'indie anthem-folk', 'indie folk']",0rZp7G3gIH6WkyeXbrZnGi,"[{'height': 640, 'url': 'https://i.scdn.co/image/148ff2fe4729cb79c45b84ae1db7372429afb66a', 'width': 640}, {'height': 320, 'url': 'https://i.scdn.co/image/1f63e7f498bbf4243b120c9d90a6687bbb00921f', 'width': 320}, {'height': 160, 'url': 'https://i.scdn.co/image/181a123d49b417738ba0bd042d75305cddc3199f', 'width': 160}]",71,"[['The Paper Kites'], ['Liza Anne'], ['Dustin Tebbutt'], ['Little May'], ['Tall Heights'], ['flora cash'], ['Siv Jakobsen'], ['RY X'], ['Ed Prosek'], ['Roo Panes'], ['Field Division'], ['Billie Marten'], ['Matthew And The Atlas'], ['Imaginary Future'], ['Axel Flovent'], ['Joshua Hyslop'], ['S. Carey'], ['Luke Sital-Singh'], ['Harrison Storm'], ['Hayden Calnin']]"
2mV8aJphiSHYJf43DxL7Gt,Chromeo,200377,"['alternative dance', 'dance-punk', 'filter house', 'indietronica', 'new rave', 'nu disco', 'retro electro', 'synthpop']",2mV8aJphiSHYJf43DxL7Gt,"[{'height': 640, 'url': 'https://i.scdn.co/image/d3845b0119f4cb5375847b0b7bf93b43d942077b', 'width': 640}, {'height': 320, 'url': 'https://i.scdn.co/image/031dbbee9f11e77da1d1737b8e9d35566655e105', 'width': 320}, {'height': 160, 'url': 'https://i.scdn.co/image/5479a8c44bae20aea13cf453c2a6014ee532bc0f', 'width': 160}]",64,"[['Cut Copy'], ['Miami Horror'], ['Holy Ghost!'], ['Breakbot'], ['Digitalism'], ['Simian Mobile Disco'], ['Hot Chip'], ['MSTRKRFT'], ['Penguin Prison'], ['Classixx'], ['Friendly Fires'], ['Ghostland Observatory'], ['Justice'], ['Aeroplane'], ['Hercules & Love Affair'], ['!!!'], ['Tesla Boy'], ['The Knocks'], ['Empire of the Sun'], ['RAC']]"
5y2Xq6xcjJb2jVM54GHK3t,John Legend,2670758,"['indie r&b', 'neo mellow', 'neo soul', 'pop', 'pop christmas', 'pop rap', 'r&b', 'soul christmas', 'urban contemporary']",5y2Xq6xcjJb2jVM54GHK3t,"[{'height': 640, 'url': 'https://i.scdn.co/image/3e431e58af3903f54c265185f8db57c01aeb25b2', 'width': 640}, {'height': 320, 'url': 'https://i.scdn.co/image/f481aabff6322123326ba9b8984df95d3b51c55c', 'width': 320}, {'height': 160, 'url': 'https://i.scdn.co/image/cb3e33f869a528b3c2847332d0dac89d6c5d49c8', 'width': 160}]",85,"[['Ne-Yo'], ['Robin Thicke'], ['Aloe Blacc'], ['Alicia Keys'], [""D'Angelo""], ['Pharrell Williams'], ['Mary J. Blige'], ['Raphael Saadiq'], ['Jill Scott'], ['R. Kelly'], ['Macy Gray'], ['Estelle'], ['Anthony Hamilton'], ['Ms. Lauryn Hill'], ['Maxwell'], ['Van Hunt'], ['Keyshia Cole'], ['Jazmine Sullivan'], ['CeeLo Green'], ['Erykah Badu']]"
5iqStkZi6QmG8sgQZQrfGN,Danielle Bradbery,62516,"['contemporary country', 'country', 'modern country rock', 'viral pop']",5iqStkZi6QmG8sgQZQrfGN,"[{'height': 640, 'url': 'https://i.scdn.co/image/2b8253faa34f2675062d44ce78f48eef192febf7', 'width': 640}, {'height': 320, 'url': 'https://i.scdn.co/image/f5887874a1cdb5747b7314e413fe43389c000908', 'width': 320}, {'height': 160, 'url': 'https://i.scdn.co/image/7eef24a01288ced04214698c1ef4f0f087d2fd73', 'width': 160}]",64,"[['RaeLynn'], ['Cassadee Pope'], ['Lauren Alaina'], ['Craig Wayne Boyd'], ['Kelsea Ballerini'], ['Kacey Musgraves'], ['Mickey Guyton'], ['The Swon Brothers'], ['Emily Ann Roberts'], ['Sunny Sweeney'], ['Maggie Rose'], ['Sara Evans'], ['Miranda Lambert'], ['Jessie James Decker'], ['Kalie Shorr'], ['Jana Kramer'], ['Kellie Pickler'], ['Maren Morris'], ['Jordan Rager'], ['Lee Ann Womack']]"
2eam0iDomRHGBypaDQLwWI,Bleachers,184991,"['indie pop', 'indie poptimism', 'indietronica', 'modern rock', 'pop', 'shimmer pop']",2eam0iDomRHGBypaDQLwWI,"[{'height': 640, 'url': 'https://i.scdn.co/image/defc7eb579b8de1956c6624075b80816cbb413c9', 'width': 640}, {'height': 320, 'url': 'https://i.scdn.co/image/fa912833bcd417143da374eed142e1acccdcddbc', 'width': 320}, {'height': 160, 'url': 'https://i.scdn.co/image/fafc3a2455bc732d30e05159ede4535e9eceb133', 'width': 160}]",71,"[['Vinyl Theatre'], ['COIN'], ['WALK THE MOON'], ['Smallpools'], ['Matt and Kim'], ['The Format'], ['Colony House'], ['Night Riots'], ['Jukebox The Ghost'], ['Neon Trees'], ['Nate Ruess'], ['Bad Suns'], ['Young the Giant'], ['Vampire Weekend'], ['Andrew McMahon in the Wilderness'], ['MUNA'], ['Hippo Campus'], ['MisterWives'], ['Young Rising Sons'], ['Grouplove']]"
3RqBeV12Tt7A8xH3zBDDUF,Kelsea Ballerini,253929,"['contemporary country', 'country', 'country road', 'modern country rock']",3RqBeV12Tt7A8xH3zBDDUF,"[{'height': 640, 'url': 'https://i.scdn.co/image/48e4567b0ff39cf10f62da6c7e7a9f914e35fd55', 'width': 640}, {'height': 320, 'url': 'https://i.scdn.co/image/1f2edd966971494728573f2565b8aaa532612199', 'width': 320}, {'height': 160, 'url': 'https://i.scdn.co/image/f6b429b8033dcf6a06ff20b63b601202f2be59bf', 'width': 160}]",76,"[['Kane Brown'], ['Dylan Scott'], ['RaeLynn'], ['Russell Dickerson'], ['Lauren Alaina'], ['Chase Bryant'], ['Canaan Smith'], ['Danielle Bradbery'], ['Mickey Guyton'], ['Kip Moore'], ['Maren Morris'], ['Maddie & Tae'], ['Seth Ennis'], ['Jessie James Decker'], ['Old Dominion'], ['Chris Lane'], ['Brothers Osborne'], ['Drake White'], ['Frankie Ballard'], ['Dylan Schneider']]"
6r54QO0889i9vqaeuruUSn,Keeno,14415,"['chillstep', 'drum and bass', 'liquid funk', 'vocaloid']",6r54QO0889i9vqaeuruUSn,"[{'height': 640, 'url': 'https://i.scdn.co/image/6aa9080ef9c3c2b5028916887e27564e7a58dc28', 'width': 640}, {'height': 320, 'url': 'https://i.scdn.co/image/7bacd9cf32c9ee16710792e683670bc082f027c1', 'width': 320}, {'height': 160, 'url': 'https://i.scdn.co/image/45e22e2ac647f8f3818c2801ddb2dd8132e0df8c', 'width': 160}]",55,"[['Etherwood'], ['Fred V & Grafix'], ['Metrik'], ['S.P.Y'], ['Logistics'], ['Loadstar'], ['DC Breaks'], ['Maduk'], ['Friction'], ['Hugh Hardie'], ['Cyantific'], ['Ownglow'], ['Wilkinson'], ['Whiney'], ['Nu:Tone'], ['TC'], ['Brookes Brothers'], ['Technimatic'], ['Alix Perez'], ['Danny Byrd']]"
1pRaG81GsVtaTBuVSpldt2,Pop Evil,148468,"['alternative metal', 'nu metal', 'post-grunge', 'rap metal', 'rap rock']",1pRaG81GsVtaTBuVSpldt2,"[{'height': 640, 'url': 'https://i.scdn.co/image/dd63567cfddaa1d5a0e7cf809353925cb25a3462', 'width': 640}, {'height': 320, 'url': 'https://i.scdn.co/image/0fa607e5d7a4a05927fedc208868bc032ca966c9', 'width': 320}, {'height': 160, 'url': 'https://i.scdn.co/image/53f34c4184a99edc5ddb6bc67baa06e9e7ec866f', 'width': 160}]",64,"[['Art Of Dying'], ['Rev Theory'], ['Adelitas Way'], ['Saving Abel'], ['Royal Bliss'], ['Deepfield'], ['Egypt Central'], ['Stereoside'], ['Cavo'], ['The Veer Union'], ['My Darkest Days'], ['Tantric'], ['Rains'], ['Aranda'], ['Jet Black Stare'], ['Eve To Adam'], [""Shaman's Harvest""], ['Burn Halo'], ['One Less Reason'], ['Evans Blue']]"
6c0qylj1D1gqcUUN2P8Ofp,Javiera Mena,76971,['chilean rock'],6c0qylj1D1gqcUUN2P8Ofp,"[{'height': 640, 'url': 'https://i.scdn.co/image/f7125accd2ec056eefaa50f6296bbf82e7c1574d', 'width': 640}, {'height': 320, 'url': 'https://i.scdn.co/image/e73d46c6ad6a4d2d1ad31b322f49f4daa6921aac', 'width': 320}, {'height': 160, 'url': 'https://i.scdn.co/image/9d9216adeb2d5cd2cd3939ab9cf3ee3e319f312c', 'width': 160}]",55,"[['Alex Anwandter'], ['Gepe'], ['Mon Laferte'], ['Planeta No'], ['Alex & Daniel'], ['Tunacola'], ['( Me Llamo ) Sebastián'], ['Fármacos'], ['Dulce y Agraz'], ['Marineros'], ['Dúo Niágara'], ['Denise Rosenthal'], ['Tus Amigos Nuevos'], ['Francisca Valenzuela'], ['Niño Cohete'], ['Supernova'], ['Hot Box Machine'], ['Javier Cavacini'], ['Nicole'], ['Cristóbal Briceño y la Estrella Solitaria']]"
6BoGPE6HncyAwa1Ka8uQVn,Amanda Cook,85,[],6BoGPE6HncyAwa1Ka8uQVn,"[{'height': 640, 'url': 'https://i.scdn.co/image/61d318902f1fe9f4e871d520172fe629d78dcf59', 'width': 640}, {'height': 300, 'url': 'https://i.scdn.co/image/dc1251faf6dee6658ec8762557de45a4c3d2ff8c', 'width': 300}, {'height': 64, 'url': 'https://i.scdn.co/image/49d2ec0515fcd2f71488569e8b75af2fbfd004e4', 'width': 64}]",26,"[['WorshipMob'], ['Steffany Gretzinger'], ['Lindy Conant'], ['Housefires'], ['Bryan & Katie Torwalt'], ['Stu Garrard'], ['Kalley Heiligenthal'], ['Jeremy Riddle'], ['Sean Feucht'], ['Kristene Dimarco'], ['Hannah McClure'], ['Jenn Johnson'], ['Misty Edwards'], ['Bethel Music'], ['Mosaic MSC'], ['Red Rocks Worship'], ['Kim Walker-Smith'], ['Matt Stinton'], ['United Pursuit'], ['Brian Johnson']]"
0LyfQWJT6nXafLPZqxe9Of,Various Artists,318611,[],0LyfQWJT6nXafLPZqxe9Of,[],0,[]
2cFrymmkijnjDg9SS92EPM,blackbear,934292,[],2cFrymmkijnjDg9SS92EPM,"[{'height': 640, 'url': 'https://i.scdn.co/image/b28a6d76166370d4b8d26102d63dd1a58fe8bdb9', 'width': 640}, {'height': 320, 'url': 'https://i.scdn.co/image/7296f1e8b9670c42a5f8b1d53435e9c672421ba4', 'width': 320}, {'height': 160, 'url': 'https://i.scdn.co/image/de50bee61a08ad9ab4f5cad2fa23c1f8c9c3c757', 'width': 160}]",89,"[['gnash'], ['Kehlani'], ['mansionz'], ['Aminé'], ['Travis Scott'], ['Jon Bellion'], ['Roy Woods'], ['Jaden Smith'], ['Hoodie Allen'], ['MOD SUN'], ['Bryson Tiller'], ['Jhene Aiko'], ['Mac Miller'], ['Amir Obe'], ['Russ'], ['Luke Christopher'], ['dvsn'], ['Vic Mensa'], ['Niykee Heaton'], ['Pettros']]"
6CQGrt3AJ2gx5oMSR0mwbl,1K Phew,4063,[],6CQGrt3AJ2gx5oMSR0mwbl,"[{'height': 640, 'url': 'https://i.scdn.co/image/06fec7fc3649f099110dac206a68dd99e5d6c718', 'width': 640}, {'height': 320, 'url': 'https://i.scdn.co/image/fb4703c78fa3fb78b87ff10f8bd57f3fe2c612ad', 'width': 320}, {'height': 160, 'url': 'https://i.scdn.co/image/8a9eda49f9a74aec3e68d45598e32fc3289e39e5', 'width': 160}]",56,"[['Joey Jewish'], ['Wordsplayed'], ['Mogli the Iceburg'], ['Aha Gazelle'], ['Kaleb Mitchell'], ['Ty Brasel'], ['Taelor Gray'], ['Lawren'], ['Brvndon P'], ['nobigdyl.'], ['Tony Tillman'], ['Adrian Stresow'], ['Beleaf'], ['Zauntee'], ['Jarry Manna'], ['Shiwan'], ['Ruslan'], ['GAWVI'], ['Deraj'], ['Steven Malcolm']]"
2zmrsXMHxagFz6vI2cD7r6,Ella Vos,40333,"['indie poptimism', 'pop', 'tropical house', 'vapor soul']",2zmrsXMHxagFz6vI2cD7r6,"[{'height': 640, 'url': 'https://i.scdn.co/image/04281f04df3c5c6caa5d40e7b40cf1b1183c32a3', 'width': 640}, {'height': 320, 'url': 'https://i.scdn.co/image/69e0edcd708ece84324cc84b758d0a9503fc7bba', 'width': 320}, {'height': 160, 'url': 'https://i.scdn.co/image/5cc6f4ccf9bad467d3f043856a2135b839e1ebaa', 'width': 160}]",72,"[['EXES'], ['Billie Eilish'], ['LÉON'], ['Handsome Ghost'], ['machineheart'], ['Wrabel'], ['Mothica'], ['XY&O'], ['Glades'], ['VÉRITÉ'], ['ayokay'], ['Astronomyy'], ['FRND'], ['Luna Shadows'], ['Chelsea Cutler'], ['FRENSHIP'], ['Shoffy'], ['Flor'], ['Emmit Fenn'], ['MUNA']]"
18HVMQsV3tINaTyzT5UIjH,CyHi The Prynce,25263,"['pop rap', 'rap', 'southern hip hop', 'trap music']",18HVMQsV3tINaTyzT5UIjH,"[{'height': 640, 'url': 'https://i.scdn.co/image/ed46702d2c9cbad38e8fe72d9edc7a7c5c14e3d8', 'width': 640}, {'height': 320, 'url': 'https://i.scdn.co/image/9be6f00558d16874a764af5f6d6f920eae05bda8', 'width': 320}, {'height': 160, 'url': 'https://i.scdn.co/image/cc7d84c6ddb3e4ee5ed42f3718ff2b83f5301097', 'width': 160}]",66,"[['Big K.R.I.T.'], ['Stalley'], ['Pusha T'], ['Smoke Dza'], ['Curren$y'], ['Freddie Gibbs'], ['Nipsey Hussle'], ['Joe Budden'], ['Royce Da 5\'9""'], ['Jay Rock'], ['The Cool Kids'], ['Ab-Soul'], ['Clipse'], ['Big Boi'], ['Dom Kennedy'], ['DJ Kay Slay'], ['Dave East'], ['Audio Push'], ['Troy Ave'], ['Rapsody']]"
4NHQUGzhtTLFvgF5SZesLK,Tove Lo,1183172,"['dance pop', 'edm', 'metropopolis', 'pop', 'post-teen pop', 'swedish pop', 'swedish synthpop', 'tropical house']",4NHQUGzhtTLFvgF5SZesLK,"[{'height': 640, 'url': 'https://i.scdn.co/image/f74839ff35613937b49162997f4087deab2d592c', 'width': 640}, {'height': 320, 'url': 'https://i.scdn.co/image/8b35970a418114d27abff77cdc37b1fcd34afd29', 'width': 320}, {'height': 160, 'url': 'https://i.scdn.co/image/d3434551481cb758adfffa9cc21669ecc0dc6b15', 'width': 160}]",84,"[['Zara Larsson'], ['Tove Styrke'], ['Betty Who'], ['Ellie Goulding'], ['Charli XCX'], ['Halsey'], ['Allie X'], ['Elliphant'], ['Icona Pop'], ['LÉON'], ['Lorde'], ['Zella Day'], ['MØ'], ['Kesha'], ['Broods'], ['Carly Rae Jepsen'], ['Dua Lipa'], ['Marina and the Diamonds'], ['Alessia Cara'], ['Lykke Li']]"
586uxXMyD5ObPuzjtrzO1Q,Sofi Tukker,79065,['tropical house'],586uxXMyD5ObPuzjtrzO1Q,"[{'height': 640, 'url': 'https://i.scdn.co/image/07f42d2cc0d17873207555821819acc10e9396d6', 'width': 640}, {'height': 320, 'url': 'https://i.scdn.co/image/a15529620f3e6aee82cf30e5945f09e58451d380', 'width': 320}, {'height': 160, 'url': 'https://i.scdn.co/image/388fabe29eb498ea4e8a3f854dbd05da52955b15', 'width': 160}]",70,"[['Hayden James'], ['Kungs'], ['Autograf'], ['Jerry Folk'], ['Tep No'], ['Phantogram'], ['The Knocks'], ['SNBRN'], ['Vintage Culture'], ['LEISURE'], ['ZHU'], ['Goldroom'], ['Bob Moses'], ['Diet Cig'], ['Elohim'], ['Jai Wolf'], ['RÜFÜS DU SOL'], ['Whilk & Misky'], ['HONNE'], ['Claptone']]"
22WZ7M8sxp5THdruNY3gXt,The Doors,1941893,"['album rock', 'blues-rock', 'classic rock', 'folk rock', 'hard rock', 'piano rock', 'psychedelic rock', 'rock']",22WZ7M8sxp5THdruNY3gXt,"[{'height': 1253, 'url': 'https://i.scdn.co/image/b8c3d75acf2d800defb05b8515445e6d064c97d5', 'width': 919}, {'height': 873, 'url': 'https://i.scdn.co/image/fdca4a508d930f9add0c73c33883a691cc3d8eaa', 'width': 640}, {'height': 273, 'url': 'https://i.scdn.co/image/9c97e2cbfe6d056026c2904a3f0e2c286f4b4061', 'width': 200}, {'height': 87, 'url': 'https://i.scdn.co/image/3da16e239906bb95e5c4858596b695deebf87260', 'width': 64}]",78,"[['Jefferson Airplane'], ['The Yardbirds'], ['The Animals'], ['Jim Morrison'], ['The Velvet Underground'], ['Jimi Hendrix'], ['Janis Joplin'], ['Cream'], ['The Byrds'], ['Steppenwolf'], ['The Who'], ['The Kinks'], ['Led Zeppelin'], ['The Rolling Stones'], ['Big Brother & The Holding Company'], ['Canned Heat'], ['Deep Purple'], ['Steve Miller Band'], ['Lou Reed'], ['Pink Floyd']]"
3JXpwnHbLvXxY99EuXqFPX,Poo Bear,8871,['deep pop r&b'],3JXpwnHbLvXxY99EuXqFPX,"[{'height': 1000, 'url': 'https://i.scdn.co/image/b18b4c0e3cb5a5506750e9b290d63c1aac514c1e', 'width': 1000}, {'height': 640, 'url': 'https://i.scdn.co/image/2bbb9c5442a052ecb637853931dd6e422671f0de', 'width': 640}, {'height': 200, 'url': 'https://i.scdn.co/image/749622b09013c60614d996232685a9331c3fa1ec', 'width': 200}, {'height': 64, 'url': 'https://i.scdn.co/image/24946da8cb43ccc58b510cd107b09c8cced190f8', 'width': 64}]",76,"[['Blaq Tuxedo'], ['Elijah Blake'], ['Verse Simmonds'], ['Justine Skye'], ['Adrian Marcel'], ['Khalil'], ['Emanny'], ['IZA'], ['Eric Bellinger'], ['ELHAE'], ['Lexa'], ['Preta Gil'], ['David Correy'], ['Lyrica Anderson'], ['Anitta'], ['Claudia Leitte'], ['Lia Clark'], ['Tia London'], ['Sevyn Streeter'], ['Silva']]"
6DIS6PRrLS3wbnZsf7vYic,WALK THE MOON,737226,"['indie pop', 'indie poptimism', 'indie rock', 'indietronica', 'modern rock', 'neo mellow', 'pop', 'pop rock', 'shimmer pop']",6DIS6PRrLS3wbnZsf7vYic,"[{'height': 640, 'url': 'https://i.scdn.co/image/f858c08a63571648979e69d9b21914208d0333aa', 'width': 640}, {'height': 320, 'url': 'https://i.scdn.co/image/ef4d68439d71851fc51d505a503a7a8beb81ffd0', 'width': 320}, {'height': 160, 'url': 'https://i.scdn.co/image/a977a7e54053c91a09abfbb3b42853fa0a574730', 'width': 160}]",78,"[['Grouplove'], ['Smallpools'], ['Atlas Genius'], ['Youngblood Hawke'], ['Bleachers'], ['Young the Giant'], ['Grizfolk'], ['Saint Motel'], ['Passion Pit'], ['Magic Man'], [""The Mowgli's""], ['Neon Trees'], ['American Authors'], ['Bad Suns'], ['New Politics'], ['Matt and Kim'], ['COIN'], ['The Griswolds'], ['Vinyl Theatre'], ['Jukebox The Ghost']]"
137W8MRPWKqSmrBGDBFSop,Wiz Khalifa,5905669,"['pop rap', 'rap', 'southern hip hop', 'trap music']",137W8MRPWKqSmrBGDBFSop,"[{'height': 640, 'url': 'https://i.scdn.co/image/52465652af91d7671c92b4b7fd49bc7470b95e38', 'width': 640}, {'height': 320, 'url': 'https://i.scdn.co/image/c1823ac84c4101c0dffaac562c03e739cdf2df75', 'width': 320}, {'height': 160, 'url': 'https://i.scdn.co/image/a4c3dc3a4d2b3a9ed6b0ced6d4a969789971ac7d', 'width': 160}]",91,"[['Tyga'], ['Curren$y'], ['Waka Flocka Flame'], ['Young Money'], ['Juicy J'], ['Wale'], ['Mac Miller'], ['Ace Hood'], ['Kid Ink'], ['Rick Ross'], ['B.o.B'], ['A$AP Rocky'], ['T.I.'], ['Meek Mill'], ['Lil Wayne'], ['Yo Gotti'], ['Pusha T'], ['Gorilla Zoe'], ['ScHoolboy Q'], ['DJ Drama']]"
4tususHNaR68xdgLstlGBA,Of Mice & Men,574359,"['alternative metal', 'emo', 'melodic metalcore', 'metalcore', 'nu metal', 'pop punk', 'post-grunge', 'post-screamo', 'rap metal', 'screamo']",4tususHNaR68xdgLstlGBA,"[{'height': 640, 'url': 'https://i.scdn.co/image/8342def9fdcd83781fdaa6c6056e3e7c345c6080', 'width': 640}, {'height': 320, 'url': 'https://i.scdn.co/image/174484813cde3dfc009373477a6760275bac361b', 'width': 320}, {'height': 160, 'url': 'https://i.scdn.co/image/3d0403208aaaed251950eb152c5b188a1f002fd6', 'width': 160}]",68,"[['Memphis May Fire'], ['The Word Alive'], ['We Came As Romans'], ['The Color Morale'], ['Woe, Is Me'], ['Attack Attack!'], ['Like Moths To Flames'], ['blessthefall'], ['Imminence'], [""Jamie's Elsewhere""], ['Our Last Night'], ['A Skylit Drive'], ['Asking Alexandria'], ['Miss May I'], ['I See Stars'], ['The Devil Wears Prada'], ['In Fear And Faith'], ['For All Those Sleeping'], ['Secrets'], ['Motionless In White']]"
1lc8mnyGrCLtPhCoWjRxjM,Flight Facilities,229155,"['alternative dance', 'aussietronica', 'australian dance', 'deep australian indie', 'indietronica', 'nu disco', 'tropical house']",1lc8mnyGrCLtPhCoWjRxjM,"[{'height': 640, 'url': 'https://i.scdn.co/image/19ff43adbda35cbd4d2f4cab4c58722d3e1a1edc', 'width': 640}, {'height': 320, 'url': 'https://i.scdn.co/image/67c2ab44aa53d2ce9a170f751b17368b0d85ca0b', 'width': 320}, {'height': 160, 'url': 'https://i.scdn.co/image/023701d2a922d3d5d00e27f6601ef73d3ba679a4', 'width': 160}]",67,"[['Hayden James'], ['Miami Horror'], ['Classixx'], ['Touch Sensitive'], ['Pnau'], ['Client Liaison'], ['SAFIA'], ['Poolside'], ['Goldroom'], ['Breakbot'], ['Golden Features'], ['The Kite String Tangle'], ['The Presets'], ['George Maple'], [""Cosmo's Midnight""], ['RÜFÜS'], ['Alpine'], ['Crooked Colours'], ['Kilter'], ['Boo Seeka']]"
4KWTAlx2RvbpseOGMEmROg,R.E.M.,886215,"['album rock', 'alternative rock', 'classic rock', 'dance rock', 'folk christmas', 'indie rock', 'mellow gold', 'modern rock', 'neo mellow', 'new wave', 'permanent wave', 'pop christmas', 'pop rock', 'rock']",4KWTAlx2RvbpseOGMEmROg,"[{'height': 1016, 'url': 'https://i.scdn.co/image/3ef4b92f85f8d7b902dd2b9a31dd112fc61a6708', 'width': 1000}, {'height': 650, 'url': 'https://i.scdn.co/image/3831a666a1fe9b724dc74358364e2df9a0fdf3cf', 'width': 640}, {'height': 203, 'url': 'https://i.scdn.co/image/b6958265f643f03a55cd9e7bcb5caff64284958b', 'width': 200}, {'height': 65, 'url': 'https://i.scdn.co/image/ff798b612f464f776243722cc86bcc70a34a63ae', 'width': 64}]",77,"[['The Lemonheads'], ['Soul Asylum'], ['Gin Blossoms'], ['The Replacements'], ['Manic Street Preachers'], ['Pixies'], ['10,000 Maniacs'], ['James'], ['Echo & the Bunnymen'], ['Pretenders'], ['XTC'], ['The Breeders'], ['Pavement'], ['Toad The Wet Sprocket'], ['Elvis Costello & The Attractions'], ['Dinosaur Jr.'], ['The Verve'], [""Jane's Addiction""], ['Travis'], ['The Smashing Pumpkins']]"
10exVja0key0uqUkk6LJRT,Vance Joy,873943,"['folk-pop', 'indie folk', 'indie pop', 'modern rock', 'neo mellow', 'pop']",10exVja0key0uqUkk6LJRT,"[{'height': 640, 'url': 'https://i.scdn.co/image/7d186c3a80955b82a8cc46fe86bdf305478629e8', 'width': 640}, {'height': 320, 'url': 'https://i.scdn.co/image/23d0081dc5f325e131056197acad3ea0ca508eee', 'width': 320}, {'height': 160, 'url': 'https://i.scdn.co/image/6c125db9f5fb806775a1babff78a2fde23bdc367', 'width': 160}]",82,"[['George Ezra'], ['Hozier'], ['Tom Odell'], ['James Bay'], ['Ben Howard'], ['The Lumineers'], ['Passenger'], ['The Head and the Heart'], ['Of Monsters and Men'], ['Blind Pilot'], ['Grizfolk'], ['Mumford & Sons'], ['Foy Vance'], ['James Vincent McMorrow'], ['Benjamin Francis Leftwich'], ['Milky Chance'], ['Boy & Bear'], ['Kodaline'], ['Lord Huron'], ['Lewis Watson']]"
3rWZHrfrsPBxVy692yAIxF,Willow,150644,"['dance pop', 'deep indie r&b', 'escape room', 'indie r&b', 'pop', 'post-teen pop']",3rWZHrfrsPBxVy692yAIxF,"[{'height': 640, 'url': 'https://i.scdn.co/image/ffa1bdfa524bce83cf979f4777e41bfad4f9ec9a', 'width': 640}, {'height': 320, 'url': 'https://i.scdn.co/image/f5d458769457290444c15cc600703bd13b10534d', 'width': 320}, {'height': 160, 'url': 'https://i.scdn.co/image/d3fe28b989a7992cdf459fb5fa690bb6e9b34449', 'width': 160}]",68,"[['Ravyn Lenae'], ['Sky Ferreira'], ['Doja Cat'], ['Chloe x Halle'], ['Kali Uchis'], ['Kelela'], ['Princess Nokia'], ['Syd'], ['Jaden Smith'], ['Kevin Abstract'], ['Steve Lacy'], ['Kilo Kish'], ['LION BABE'], ['FKA twigs'], ['Sevdaliza'], ['The Internet'], ['ABRA'], ['Sabrina Claudio'], ['Solange'], ['Azealia Banks']]"
6cXMpsP9x0SH4kFfMyVezF,Josh Groban,257114,"['adult standards', 'classify', 'operatic pop', 'pop christmas']",6cXMpsP9x0SH4kFfMyVezF,"[{'height': 640, 'url': 'https://i.scdn.co/image/8f9908fa0d8c64562214e7ca5c7de4546b30a9c5', 'width': 640}, {'height': 320, 'url': 'https://i.scdn.co/image/407c705fcd4ce008c90f1e93f34efcc91728f23c', 'width': 320}, {'height': 160, 'url': 'https://i.scdn.co/image/2f1bcc4986d5f4f373105345e9265a9d08d73ea8', 'width': 160}]",70,"[['Katherine Jenkins'], ['Jackie Evancho'], ['Susan Boyle'], ['Il Divo'], ['Hayley Westenra'], ['The Tenors'], ['Ernesto Cortazar'], ['Sarah Brightman'], ['Chloe Agnew'], ['Paul Potts'], ['Russell Watson'], ['Collabro'], ['Celtic Thunder'], ['Celtic Woman'], ['Barbra Streisand'], ['Original Broadway Company of Natasha, Pierre and the Great Comet of 1812'], ['William Joseph'], ['Brittain Ashford'], ['Audra McDonald'], ['Grace McLean']]"
3M4ThdJR28z9eSMcQHAZ5G,The Fratellis,278023,"['alternative rock', 'garage rock', 'indie christmas', 'indie rock', 'modern rock']",3M4ThdJR28z9eSMcQHAZ5G,"[{'height': 640, 'url': 'https://i.scdn.co/image/6c3e6cb70056a9d6ce8b8de13b9d2930d266aa5f', 'width': 640}, {'height': 320, 'url': 'https://i.scdn.co/image/26c3fdb7deaee1d88ce0f67db7cb8db130e80c68', 'width': 320}, {'height': 160, 'url': 'https://i.scdn.co/image/423dc60b22970de0d147fac10c7565b71733a867', 'width': 160}]",68,"[['Dirty Pretty Things'], ['Razorlight'], ['Kaiser Chiefs'], ['The Libertines'], ['The Pigeon Detectives'], ['Franz Ferdinand'], ['The Enemy'], ['Babyshambles'], ['Hard-FI'], ['The Subways'], ['We Are Scientists'], ['Maximo Park'], ['The Last Shadow Puppets'], ['The View'], ['The Hoosiers'], ['The Wombats'], ['The Kooks'], ['The Cribs'], ['Kasabian'], ['The Hives']]"
7dOBabd5O4CvKrg4iriHTM,Kid Rock,373967,"['alternative metal', 'nu metal', 'post-grunge', 'rap metal', 'redneck', 'rock']",7dOBabd5O4CvKrg4iriHTM,"[{'height': 640, 'url': 'https://i.scdn.co/image/89f8d2b745e628e73886533744c8df602328874e', 'width': 640}, {'height': 320, 'url': 'https://i.scdn.co/image/2c800f3eb084ac9ad69eeaf08445654b3edd2357', 'width': 320}, {'height': 160, 'url': 'https://i.scdn.co/image/7b0e6d18aee2026112ff3706bb31bf815703bf57', 'width': 160}]",73,"[['Uncle Kracker'], ['Buckcherry'], ['Rehab'], ['Aaron Lewis'], ['Hank Williams, Jr.'], ['The Charlie Daniels Band'], ['Colt Ford'], ['Moonshine Bandits'], ['Jamey Johnson'], ['Travis Tritt'], ['Jackyl'], ['Montgomery Gentry'], ['David Allan Coe'], ['The Cadillac Three'], ['The Lacs'], ['Big Smo'], ['Justin Moore'], ['Josh Thompson'], ['Trace Adkins'], ['Puddle Of Mudd']]"
2gXmjQIxCO8lMnSncluZaU,Cory Asbury,23820,"['anthem worship', 'christian uplift', 'deep ccm', 'worship']",2gXmjQIxCO8lMnSncluZaU,"[{'height': 640, 'url': 'https://i.scdn.co/image/022af3d5b6145c352e7345c73c651a72ba2d0fde', 'width': 640}, {'height': 320, 'url': 'https://i.scdn.co/image/23bdea24a4fa02077f65e089270499e2f5555171', 'width': 320}, {'height': 160, 'url': 'https://i.scdn.co/image/87199fb53259d270f6e5980f9f04af1afefff56e', 'width': 160}]",59,"[['Matt Gilman'], ['Laura Hackett'], ['Justin Rizzo'], ['Misty Edwards'], ['United Pursuit'], ['Luke Wood'], ['Jon Thurlow'], ['Sean Feucht'], ['John Mark McMillan'], ['Jaye Thomas'], ['David Brymer'], ['Audra Lynn'], ['Jason Upton'], ['Jake Hamilton'], ['Jeremy Riddle'], ['Rick Pino'], ['Jonathan David Helser'], ['Jenn Johnson'], ['Christ For The Nations Music'], ['Jonas Park']]"
2ABBMkcUeM9hdpimo86mo6,Tourist,53476,"['deep australian indie', 'deep indie r&b', 'indie r&b', 'tropical house', 'vapor soul', 'vapor twitch']",2ABBMkcUeM9hdpimo86mo6,"[{'height': 640, 'url': 'https://i.scdn.co/image/054a861ad6f1a50e911947e62ace19029c1e4d50', 'width': 640}, {'height': 320, 'url': 'https://i.scdn.co/image/d422d9fb25bb212de226382a2b773513f3137026', 'width': 320}, {'height': 160, 'url': 'https://i.scdn.co/image/df651b3adb5c45501320b8b6ae60a900839b1ccd', 'width': 160}]",60,"[['Crooked Colours'], ['George Maple'], ['Kllo'], ['Touch Sensitive'], ['Kilter'], ['The Kite String Tangle'], ['Golden Features'], ['Running Touch'], ['Kidnap Kid'], ['George FitzGerald'], ['Set Mo'], ['Panama'], ['Hayden James'], ['Maribou State'], ['Jacques Greene'], ['Northeast Party House'], ['KAASI'], ['Ambassadeurs'], ['Motez'], ['Amtrac']]"
1VrWc8r4AjrR8YfT0vlsc7,Chyno Miranda,20959,['pop reggaeton'],1VrWc8r4AjrR8YfT0vlsc7,"[{'height': 640, 'url': 'https://i.scdn.co/image/d5129c460e0ebf10d671d6ed81ae0bc5a6f9dda4', 'width': 640}, {'height': 320, 'url': 'https://i.scdn.co/image/0e574ffadd17f129347e8a640c9812c17bbdf055', 'width': 320}, {'height': 160, 'url': 'https://i.scdn.co/image/e29ba0727d84f4da1dca954b6548e81743a20bf7', 'width': 160}]",66,"[['Victor Drija'], ['Nacho'], ['Calle Ciega'], ['Gustavo Elis'], ['Andy Rivera'], ['Valentino'], ['Corina Smith'], ['Victor Muñoz'], ['Servando & Florentino'], ['Feid'], ['Danny Ocean'], ['Vos Veis'], ['La Melodia Perfecta'], ['Guaco'], ['Yordano'], ['Dyland & Lenny'], ['Sanluis'], ['Voz Veis'], ['Jonathan Moly'], ['Sixto Rein']]"
3VLf4DlBTN2ZRwygS3TNti,The Academic,23335,"['alt-indie rock', 'indie anthem-folk']",3VLf4DlBTN2ZRwygS3TNti,"[{'height': 640, 'url': 'https://i.scdn.co/image/e18e5fbbd7d4b2964aea271412cb049cfe9b1dad', 'width': 640}, {'height': 320, 'url': 'https://i.scdn.co/image/d60269ad45e34166636cfdb37bcb0bcbf94d3836', 'width': 320}, {'height': 160, 'url': 'https://i.scdn.co/image/63dfab7f7f8d3ee5e0362673c159104e69687aa7', 'width': 160}]",54,"[['On a Plane'], ['Jokifocu'], ['The Metric System'], ['The Coronas'], ['Scott Chasolen and Katy Pfaffl Duo'], ['Still Inlimbo'], ['Truman Falls'], ['The Strawheads'], ['Roger Nusic'], ['Logan Kendell'], ['Yvel'], ['Danny Dasher'], ['Diego Rojas'], ['L3d'], ['Little Hours'], ['All Tvvins'], ['Travis Singleton'], ['The Night Café'], ['Phospho'], ['The Blizzards']]"
5GDZ6xhBwk7Yja97CFLmV7,Jillian Jacqueline,6112,['contemporary country'],5GDZ6xhBwk7Yja97CFLmV7,"[{'height': 640, 'url': 'https://i.scdn.co/image/29f00e476364323ad50ec88091631b4a063cdd14', 'width': 640}, {'height': 320, 'url': 'https://i.scdn.co/image/9b790a2687e04aca7ba29efa6398021093ace720', 'width': 320}, {'height': 160, 'url': 'https://i.scdn.co/image/4b7304daeff96b4d99a2359a4ea5477aab204570', 'width': 160}]",59,"[['Bailey Bryan'], ['Walker McGuire'], ['Drew Baldridge'], ['Brooke Eden'], ['Ryan Hurd'], ['Cale Dodds'], ['Seth Ennis'], ['Kalie Shorr'], ['Devin Dawson'], ['Carly Pearce'], ['Alyssa Micaela'], ['Dylan Schneider'], ['Josh Dorr'], ['Kane Brown'], ['Jon Langston'], ['Adam Sanders'], ['David Fanning'], ['Chris Bandi'], ['Clare Dunn'], ['Waterloo Revival']]"
5sEDTHJJyDEWVFx99hGSIb,Mark Mothersbaugh,7403,[],5sEDTHJJyDEWVFx99hGSIb,"[{'height': 908, 'url': 'https://i.scdn.co/image/657105ef327c05a86c87884e67b16705bc8f5f6b', 'width': 1000}, {'height': 581, 'url': 'https://i.scdn.co/image/07e75e6e397923fd52cbdaaee799115d5862081a', 'width': 640}, {'height': 182, 'url': 'https://i.scdn.co/image/edb967fbb360ecda9a477bc5b6b49bf1d3c92276', 'width': 200}, {'height': 58, 'url': 'https://i.scdn.co/image/3bab4c61a6f7aafe94262903cda03a5470d14125', 'width': 64}]",60,"[['Alan Silvestri'], ['John Ottman'], ['Henry Jackman'], ['Brian Tyler'], ['Marco Beltrami'], ['Rupert Gregson-Williams'], ['Tyler Bates'], ['John Paesano'], ['Michael Giacchino'], ['Danny Elfman'], ['Geoff Zanelli'], ['Jerry Martin'], ['Lorne Balfe'], ['Ilan Eshkeri'], ['Steve Jablonsky'], ['James Newton Howard'], ['Blake Neely'], ['John Debney'], ['Christopher Drake'], ['Marc Russo']]"
0QJKELJZZuLAjqLOOixJm5,The Bloody Beetroots,137211,"['alternative dance', 'complextro', 'edm', 'electro house', 'electronic', 'fidget house', 'filter house', 'new rave']",0QJKELJZZuLAjqLOOixJm5,"[{'height': 640, 'url': 'https://i.scdn.co/image/58b708b78fcd15de5c56929f864b083045973764', 'width': 640}, {'height': 320, 'url': 'https://i.scdn.co/image/b24140fa5a22245c444c5a13e72e9c9e24082443', 'width': 320}, {'height': 160, 'url': 'https://i.scdn.co/image/a8d7539e718d6aa43b1574e0bb202ee229c7068c', 'width': 160}]",59,"[['Boys Noize'], ['The Toxic Avenger'], ['MSTRKRFT'], ['Busy P'], ['Danger'], ['Digitalism'], ['Fukkk Offf'], ['Vitalic'], ['Mr. Oizo'], ['Crookers'], ['Yuksek'], ['Cyberpunkers'], ['Justice'], ['Goose'], ['Wolfgang Gartner'], ['Proxy'], ['Simian Mobile Disco'], ['SBCR'], ['Kavinsky'], ['Feed Me']]"
4GCMwhffO4BBQZp2eoOapt,Dori Freeman,3430,['new americana'],4GCMwhffO4BBQZp2eoOapt,"[{'height': 1000, 'url': 'https://i.scdn.co/image/7fca8c8dc873ab7c7f60191209431697814b68a5', 'width': 1000}, {'height': 640, 'url': 'https://i.scdn.co/image/9fc013de9fa93291cb9bcb55da44872c22b564bf', 'width': 640}, {'height': 200, 'url': 'https://i.scdn.co/image/bbebed6b1f3b46bbfb8006dcf56ac7cab8f05257', 'width': 200}, {'height': 64, 'url': 'https://i.scdn.co/image/5a474fc046643c7d95e2568db200e10c64f617c4', 'width': 64}]",42,"[['Rachel Baiman'], ['Margo Price'], ['Michaela Anne'], ['David Rawlings'], ['Whitney Rose'], ['Rhiannon Giddens'], ['Dave Rawlings Machine'], ['Elizabeth Cook'], ['Jonny Fritz'], ['Aubrie Sellers'], ['Sam Outlaw'], ['Natalie Hemby'], ['Rayland Baxter'], ['Jonah Tolchin'], ['Andrew Combs'], ['Nikki Lane'], ['Lilly Hiatt'], ['Bonnie Bishop'], ['Tyler Childers'], ['Angaleena Presley']]"
4HzKw8XcD0piJmDrrPRCYk,Majid Jordan,205446,"['deep indie r&b', 'indie r&b', 'pop rap', 'r&b', 'rap']",4HzKw8XcD0piJmDrrPRCYk,"[{'height': 640, 'url': 'https://i.scdn.co/image/1ea6780654bb793af2a6befceb82ec86149f8608', 'width': 640}, {'height': 320, 'url': 'https://i.scdn.co/image/044a7a800e2432097e6a560904887bba3b0042fb', 'width': 320}, {'height': 160, 'url': 'https://i.scdn.co/image/10a4fd101d14e5d4deaec1e36e41d802228e6b8a', 'width': 160}]",78,"[['dvsn'], ['Roy Woods'], ['PARTYNEXTDOOR'], ['Ramriddlz'], ['Jhene Aiko'], ['JMSN'], ['H.E.R.'], ['Shy Girls'], ['NAO'], ['TYuS'], ['Kehlani'], ['Daniel Caesar'], ['A.CHAL'], ['Miguel'], ['Bryson Tiller'], ['Kelela'], ['LION BABE'], ['The Internet'], ['JAHKOY'], ['Ella Mai']]"
6eUKZXaKkcviH0Ku9w2n3V,Ed Sheeran,14372425,['pop'],6eUKZXaKkcviH0Ku9w2n3V,"[{'height': 640, 'url': 'https://i.scdn.co/image/f0370da3f52161b07a461b4be9a64d0adbfb498d', 'width': 640}, {'height': 320, 'url': 'https://i.scdn.co/image/e21f791b600f04f9dd8ad2b6d9b3304a82e048ca', 'width': 320}, {'height': 160, 'url': 'https://i.scdn.co/image/f39b705ba6b1070c77bce4e9c21dff5bac96f21c', 'width': 160}]",99,"[['The Script'], ['James Bay'], ['Olly Murs'], ['James Arthur'], ['Birdy'], ['Shawn Mendes'], ['Jason Mraz'], ['Niall Horan'], ['One Direction'], ['The Vamps'], ['Little Mix'], ['Sam Smith'], ['ZAYN'], ['Charlie Puth'], ['JP Cooper'], ['James TW'], ['Hailee Steinfeld'], ['OneRepublic'], ['Passenger'], ['Jasmine Thompson']]"
4Q6nIcaBED8qUel8bBx6Cr,Jax Jones,83489,"['house', 'pop', 'tropical house']",4Q6nIcaBED8qUel8bBx6Cr,"[{'height': 640, 'url': 'https://i.scdn.co/image/2cc22c6bbb2d8b2d6cf661509ef9916360e26d49', 'width': 640}, {'height': 320, 'url': 'https://i.scdn.co/image/76c45a2a57532b238ec980b82e26697e94167029', 'width': 320}, {'height': 160, 'url': 'https://i.scdn.co/image/e3a3153c26de1d25341eec56bdd8386b15357ebd', 'width': 160}]",78,"[['Blonde'], ['Disciples'], ['Sigala'], ['Gorgon City'], ['Shift K3Y'], ['Matoma'], ['Mike Mago'], ['Duke Dumont'], ['EDX'], ['Felix Jaehn'], ['MK'], ['DJ S.K.T'], ['Michael Calfan'], ['CAZZETTE'], ['Example'], ['Tchami'], ['David Zowie'], ['Syn Cole'], ['Kungs'], ['Gestört aber GeiL']]"
26AHtbjWKiwYzsoGoUZq53,Pentatonix,1664087,"['a cappella', 'pop christmas', 'viral pop']",26AHtbjWKiwYzsoGoUZq53,"[{'height': 640, 'url': 'https://i.scdn.co/image/95e265610647e0e7f5774e843dae34e72c873fe8', 'width': 640}, {'height': 320, 'url': 'https://i.scdn.co/image/82c26d89f496244f4e1fd145868c7cca7a0dcf9c', 'width': 320}, {'height': 160, 'url': 'https://i.scdn.co/image/002648f0bdb4453175478cba1485acfb1b067c32', 'width': 160}]",85,"[['Home Free'], ['Peter Hollens'], ['Straight No Chaser'], ['BYU Vocal Point'], ['VoicePlay'], ['Tufts Beelzebubs'], ['Scott Hoying'], ['The Barden Bellas'], ['Mike Tompkins'], ['Street Corner Symphony'], ['The Dartmouth Aires'], ['The Sing-Off Contestants'], [""The Nor'easters""], ['Voctave'], ['University of Delaware Deltones'], ['Das Sound Machine'], ['Kinfolk 9'], ['Us The Duo'], ['The Treblemakers'], ['Afro Blue']]"
22bE4uQ6baNwSHPVcDxLCe,The Rolling Stones,3252108,"['album rock', 'british invasion', 'classic rock', 'folk rock', 'mellow gold', 'protopunk', 'rock', 'singer-songwriter']",22bE4uQ6baNwSHPVcDxLCe,"[{'height': 1000, 'url': 'https://i.scdn.co/image/b6b925d5b9f0b5fed8ad52ff887d7351bc7e26c7', 'width': 1000}, {'height': 640, 'url': 'https://i.scdn.co/image/a7082b6cb2a0ac9bb7f6ccdaf7d38f7a3e8db213', 'width': 640}, {'height': 200, 'url': 'https://i.scdn.co/image/5b1ea9897b63213a4892643a777b7ce924882857', 'width': 200}, {'height': 64, 'url': 'https://i.scdn.co/image/1b29e6020310c26922cbb3713ba0ee0c7b4ccb74', 'width': 64}]",84,"[['The Animals'], ['The Yardbirds'], ['Jimi Hendrix'], ['The Who'], ['The Kinks'], ['The Doors'], ['Cream'], ['Led Zeppelin'], ['The Hollies'], ['The Byrds'], ['Chuck Berry'], ['George Harrison'], ['Steve Miller Band'], ['Jefferson Airplane'], ['Lynyrd Skynyrd'], ['The Velvet Underground'], ['Eric Clapton'], ['Steppenwolf'], ['Janis Joplin'], ['Faces']]"
4MXUO7sVCaFgFjoTI5ox5c,Sufjan Stevens,504101,"['alternative rock', 'chamber pop', 'folk christmas', 'folk-pop', 'freak folk', 'indie christmas', 'indie folk', 'indie pop', 'indie rock', 'modern rock', 'neo mellow', 'neo-psychedelic', 'pop christmas', 'singer-songwriter', 'stomp and holler']",4MXUO7sVCaFgFjoTI5ox5c,"[{'height': 640, 'url': 'https://i.scdn.co/image/0548c39dccf31b7ee591acfd3146c95b7cfd25ea', 'width': 640}, {'height': 320, 'url': 'https://i.scdn.co/image/cfe6465e57d23916804e75a113d72ddf09e39a29', 'width': 320}, {'height': 160, 'url': 'https://i.scdn.co/image/26f08c6be063b570f12f5123edf904672461903c', 'width': 160}]",76,"[['Andrew Bird'], ['Iron & Wine'], ['Fleet Foxes'], ['The Antlers'], ['Dirty Projectors'], ['Perfume Genius'], ['Sharon Van Etten'], ['Grizzly Bear'], ['M. Ward'], ['Broken Social Scene'], ['Sun Kil Moon'], ['St. Vincent'], ['Conor Oberst'], ['Mount Eerie'], ['Cass McCombs'], ['Neutral Milk Hotel'], ['Destroyer'], ['Volcano Choir'], ['Yo La Tengo'], ['Animal Collective']]"
2fBURuq7FrlH6z5F92mpOl,Digitalism,152696,"['alternative dance', 'big beat', 'dance-punk', 'electro house', 'electronic', 'filter house', 'indietronica', 'new rave', 'synthpop']",2fBURuq7FrlH6z5F92mpOl,"[{'height': 640, 'url': 'https://i.scdn.co/image/43493894fe8e982b5195854ddb8c4eca956ca52a', 'width': 640}, {'height': 320, 'url': 'https://i.scdn.co/image/7273d16daab45d94ff06cbb856f4fe0945be7983', 'width': 320}, {'height': 160, 'url': 'https://i.scdn.co/image/1ccc0ae9396a151c12a656385c4ec6836c49d360', 'width': 160}]",60,"[['Simian Mobile Disco'], ['Soulwax'], ['Boys Noize'], ['Vitalic'], ['Midnight Juggernauts'], ['The Whip'], ['MSTRKRFT'], ['Justice'], ['The Bloody Beetroots'], ['The Presets'], ['The Toxic Avenger'], ['Busy P'], ['Danger'], ['Does It Offend You, Yeah?'], ['Yuksek'], ['Mr. Oizo'], ['Sebastian'], ['Kavinsky'], ['Cut Copy'], ['Siriusmo']]"
2sil8z5kiy4r76CRTXxBCA,The Goo Goo Dolls,584361,"['alternative rock', 'modern rock', 'neo mellow', 'permanent wave', 'pop rock', 'post-grunge', 'rock']",2sil8z5kiy4r76CRTXxBCA,"[{'height': 1000, 'url': 'https://i.scdn.co/image/6350e3aaea9824904eae87f99bf387024a8034e6', 'width': 1000}, {'height': 640, 'url': 'https://i.scdn.co/image/ea8f84a9e1a7db7651a964854439333f348b926a', 'width': 640}, {'height': 200, 'url': 'https://i.scdn.co/image/471873a6ebcae42529ef212d52531442ff14f4ae', 'width': 200}, {'height': 64, 'url': 'https://i.scdn.co/image/6d27420d367e4b2f4cd804b9e491534987a30259', 'width': 64}]",75,"[['Matchbox Twenty'], ['Vertical Horizon'], ['Third Eye Blind'], ['Better Than Ezra'], ['Tonic'], ['Collective Soul'], ['Dishwalla'], ['Gin Blossoms'], ['Sugar Ray'], ['The Calling'], ['Hootie & The Blowfish'], ['Eve 6'], ['Rob Thomas'], ['Sister Hazel'], ['Five For Fighting'], ['Everclear'], ['Semisonic'], ['Toad The Wet Sprocket'], ['The Wallflowers'], ['Lifehouse']]"
6TIYQ3jFPwQSRmorSezPxX,Machine Gun Kelly,893010,"['hip hop', 'pop rap', 'rap', 'southern hip hop', 'trap music']",6TIYQ3jFPwQSRmorSezPxX,"[{'height': 640, 'url': 'https://i.scdn.co/image/596309b80b738e4524bc70ba47fb3c7e837d6fbf', 'width': 640}, {'height': 320, 'url': 'https://i.scdn.co/image/1744e79565d68f08684bb3ddd90dd44b7c1e3f05', 'width': 320}, {'height': 160, 'url': 'https://i.scdn.co/image/724774ed8b291ea961d2dfb775499c2c9bee0218', 'width': 160}]",83,"[['Yelawolf'], ['Chris Webby'], ['Tech N9ne'], ['Gorilla Zoe'], ['Krizz Kaliko'], ['Lil Wyte'], ['Hopsin'], ['Rittz'], ['Waka Flocka Flame'], ['Dizzy Wright'], ['Chamillionaire'], ['Jarren Benton'], ['Futuristic'], ['Juicy J'], ['B.o.B'], ['Ace Hood'], ['Stitches'], ['Caskey'], ['Bad Meets Evil'], ['Mac Miller']]"
4O15NlyKLIASxsJ0PrXPfz,Lil Uzi Vert,2462913,['rap'],4O15NlyKLIASxsJ0PrXPfz,"[{'height': 640, 'url': 'https://i.scdn.co/image/17f68c8464b468546a6b0a717708842a3cc4b79d', 'width': 640}, {'height': 320, 'url': 'https://i.scdn.co/image/622c13394c3cf2ed8197edb6f0121b7f3ce8912f', 'width': 320}, {'height': 160, 'url': 'https://i.scdn.co/image/7b94c58fe065dc4443d4be1727d2165aed0758bf', 'width': 160}]",96,"[['Desiigner'], ['A$AP Ferg'], ['A$AP Mob'], ['Lil Yachty'], ['Ugly God'], ['21 Savage'], ['Playboi Carti'], ['Kodak Black'], ['PnB Rock'], ['Young Thug'], ['Travis Scott'], ['MadeinTYO'], ['Wale'], ['Cousin Stizz'], ['A Boogie Wit da Hoodie'], ['Fetty Wap'], ['Bankroll Mafia'], ['YoungBoy Never Broke Again'], ['Ski Mask The Slump God'], ['Jay Critch']]"
2LSJrlndCuTpdEluvYHc2E,S. Carey,40417,"['chamber pop', 'folk-pop', 'indie anthem-folk', 'indie folk', 'indie pop', 'stomp and holler']",2LSJrlndCuTpdEluvYHc2E,"[{'height': 640, 'url': 'https://i.scdn.co/image/fdfe32f5f36388a22a84d6d090bb93b5ed42301c', 'width': 640}, {'height': 320, 'url': 'https://i.scdn.co/image/463030f0673195f0faa39b9c3f3ef5cdd33adbc4', 'width': 320}, {'height': 160, 'url': 'https://i.scdn.co/image/272ad0f470f04d5db86efd70297dd28476abf973', 'width': 160}]",60,"[['Volcano Choir'], ['DeYarmond Edison'], ['Horse Feathers'], ['Patrick Watson'], ['J. Tillman'], ['Gem Club'], ['James Vincent McMorrow'], ['Villagers'], ['Bon Iver'], ['Fionn Regan'], ['Perfume Genius'], ['Sam Amidon'], ['Bowerbirds'], ['The Antlers'], ['Lost In The Trees'], ['The Middle East'], ['The Tallest Man On Earth'], ['Damien Jurado'], ['Sufjan Stevens'], ['Fleet Foxes']]"
79HbBkVgOVUuVhuTJ50pIx,Teenage Wrist,4094,[],79HbBkVgOVUuVhuTJ50pIx,"[{'height': 640, 'url': 'https://i.scdn.co/image/607b5a84bdb37dafd2ce6b9eff12ecef4029b508', 'width': 640}, {'height': 320, 'url': 'https://i.scdn.co/image/cb0f2c9679fdfc0b434ac8fa41fb1ddab6d38cdb', 'width': 320}, {'height': 160, 'url': 'https://i.scdn.co/image/e8c7ab8126b8bd1a173e5e6d31bb0733709490cd', 'width': 160}]",43,"[['Gleemer'], ['Infinity Girl'], ['Nothing'], ['Mumrunner'], ['Deafcult'], ['Narrow Head'], ['Cloakroom'], ['I Was Afraid'], ['No Sun'], ['Newmoon'], ['Funeral Advantage'], ['Paerish'], ['Secret Space'], ['Death Of Lovers'], ['Whirr'], ['Hum'], ['Creepoid'], ['Happy Diving'], ['Big Jesus'], ['Wildhoney']]"
46ZKkiF5p7EUjBL0JknTxQ,Konata Small,828,[],46ZKkiF5p7EUjBL0JknTxQ,"[{'height': 640, 'url': 'https://i.scdn.co/image/22e49b2184c7766aca7867744a5ccb08bd0e6dc6', 'width': 640}, {'height': 320, 'url': 'https://i.scdn.co/image/7f3033b008e50c74bb53a4e62f1e0a26308a8c73', 'width': 320}, {'height': 160, 'url': 'https://i.scdn.co/image/437cf374d2a79ca8cea620fb173421e2ffaf2ace', 'width': 160}]",37,"[['Jarry Manna'], ['Ty Brasel'], ['Lawren'], ['Mogli the Iceburg'], ['Adrian Stresow'], ['Aaron Cole'], ['Zauntee'], ['Joey Jewish'], ['Hyper Fenton'], ['Big Yae'], ['Lathan Warlick'], ['Fvmeless'], ['Davis Absolute'], ['Kaleb Mitchell'], ['C.J King'], ['Shiwan'], ['Surf Gvng'], [""Ki'Shon""], ['Ikilledmarlon'], ['Byron Juane']]"
0rZp7G3gIH6WkyeXbrZnGi,Novo Amor,84911,"['chamber pop', 'indie anthem-folk', 'indie folk']",0rZp7G3gIH6WkyeXbrZnGi,"[{'height': 640, 'url': 'https://i.scdn.co/image/148ff2fe4729cb79c45b84ae1db7372429afb66a', 'width': 640}, {'height': 320, 'url': 'https://i.scdn.co/image/1f63e7f498bbf4243b120c9d90a6687bbb00921f', 'width': 320}, {'height': 160, 'url': 'https://i.scdn.co/image/181a123d49b417738ba0bd042d75305cddc3199f', 'width': 160}]",71,"[['The Paper Kites'], ['Liza Anne'], ['Dustin Tebbutt'], ['Little May'], ['Tall Heights'], ['flora cash'], ['Siv Jakobsen'], ['RY X'], ['Ed Prosek'], ['Roo Panes'], ['Field Division'], ['Billie Marten'], ['Matthew And The Atlas'], ['Imaginary Future'], ['Axel Flovent'], ['Joshua Hyslop'], ['S. Carey'], ['Luke Sital-Singh'], ['Harrison Storm'], ['Leo Stannard']]"
2mV8aJphiSHYJf43DxL7Gt,Chromeo,200199,"['alternative dance', 'dance-punk', 'filter house', 'indietronica', 'new rave', 'nu disco', 'retro electro', 'synthpop']",2mV8aJphiSHYJf43DxL7Gt,"[{'height': 640, 'url': 'https://i.scdn.co/image/d3845b0119f4cb5375847b0b7bf93b43d942077b', 'width': 640}, {'height': 320, 'url': 'https://i.scdn.co/image/031dbbee9f11e77da1d1737b8e9d35566655e105', 'width': 320}, {'height': 160, 'url': 'https://i.scdn.co/image/5479a8c44bae20aea13cf453c2a6014ee532bc0f', 'width': 160}]",64,"[['Cut Copy'], ['Miami Horror'], ['Holy Ghost!'], ['Breakbot'], ['Digitalism'], ['Simian Mobile Disco'], ['Hot Chip'], ['MSTRKRFT'], ['Penguin Prison'], ['Classixx'], ['Friendly Fires'], ['Ghostland Observatory'], ['Justice'], ['Aeroplane'], ['Hercules & Love Affair'], ['!!!'], ['Tesla Boy'], ['The Knocks'], ['Empire of the Sun'], ['Escort']]"
5y2Xq6xcjJb2jVM54GHK3t,John Legend,2661301,"['indie r&b', 'neo mellow', 'neo soul', 'pop', 'pop christmas', 'pop rap', 'r&b', 'soul christmas', 'urban contemporary']",5y2Xq6xcjJb2jVM54GHK3t,"[{'height': 640, 'url': 'https://i.scdn.co/image/3e431e58af3903f54c265185f8db57c01aeb25b2', 'width': 640}, {'height': 320, 'url': 'https://i.scdn.co/image/f481aabff6322123326ba9b8984df95d3b51c55c', 'width': 320}, {'height': 160, 'url': 'https://i.scdn.co/image/cb3e33f869a528b3c2847332d0dac89d6c5d49c8', 'width': 160}]",85,"[['Ne-Yo'], ['Robin Thicke'], ['Aloe Blacc'], ['Alicia Keys'], [""D'Angelo""], ['Pharrell Williams'], ['Mary J. Blige'], ['Raphael Saadiq'], ['Jill Scott'], ['R. Kelly'], ['Macy Gray'], ['Estelle'], ['Anthony Hamilton'], ['Ms. Lauryn Hill'], ['Maxwell'], ['Van Hunt'], ['Keyshia Cole'], ['Jazmine Sullivan'], ['CeeLo Green'], ['Erykah Badu']]"
5iqStkZi6QmG8sgQZQrfGN,Danielle Bradbery,62105,"['contemporary country', 'country', 'modern country rock', 'viral pop']",5iqStkZi6QmG8sgQZQrfGN,"[{'height': 640, 'url': 'https://i.scdn.co/image/808f9afda08f909014f37ec8c443a1cae9480b36', 'width': 640}, {'height': 320, 'url': 'https://i.scdn.co/image/90bf0d0671ab72d60ed64151ccc7da1e57823eb9', 'width': 320}, {'height': 160, 'url': 'https://i.scdn.co/image/5b946224a4146713fecb617a48b44b0f8cc942ed', 'width': 160}]",63,"[['RaeLynn'], ['Cassadee Pope'], ['Lauren Alaina'], ['Craig Wayne Boyd'], ['Kelsea Ballerini'], ['Kacey Musgraves'], ['Mickey Guyton'], ['The Swon Brothers'], ['Emily Ann Roberts'], ['Sunny Sweeney'], ['Maggie Rose'], ['Sara Evans'], ['Miranda Lambert'], ['Jessie James Decker'], ['Kalie Shorr'], ['Jana Kramer'], ['Kellie Pickler'], ['Maren Morris'], ['Jordan Rager'], ['Lee Ann Womack']]"
2eam0iDomRHGBypaDQLwWI,Bleachers,184655,"['indie pop', 'indie poptimism', 'indietronica', 'modern rock', 'pop', 'shimmer pop']",2eam0iDomRHGBypaDQLwWI,"[{'height': 640, 'url': 'https://i.scdn.co/image/defc7eb579b8de1956c6624075b80816cbb413c9', 'width': 640}, {'height': 320, 'url': 'https://i.scdn.co/image/fa912833bcd417143da374eed142e1acccdcddbc', 'width': 320}, {'height': 160, 'url': 'https://i.scdn.co/image/fafc3a2455bc732d30e05159ede4535e9eceb133', 'width': 160}]",71,"[['Vinyl Theatre'], ['COIN'], ['WALK THE MOON'], ['Smallpools'], ['Matt and Kim'], ['Colony House'], ['The Format'], ['Night Riots'], ['Jukebox The Ghost'], ['Nate Ruess'], ['Bad Suns'], ['Neon Trees'], ['Young the Giant'], ['MUNA'], ['Vampire Weekend'], ['Andrew McMahon in the Wilderness'], ['Hippo Campus'], ['MisterWives'], ['Young Rising Sons'], ['Grouplove']]"
3RqBeV12Tt7A8xH3zBDDUF,Kelsea Ballerini,252933,"['contemporary country', 'country', 'country road', 'modern country rock']",3RqBeV12Tt7A8xH3zBDDUF,"[{'height': 640, 'url': 'https://i.scdn.co/image/48e4567b0ff39cf10f62da6c7e7a9f914e35fd55', 'width': 640}, {'height': 320, 'url': 'https://i.scdn.co/image/1f2edd966971494728573f2565b8aaa532612199', 'width': 320}, {'height': 160, 'url': 'https://i.scdn.co/image/f6b429b8033dcf6a06ff20b63b601202f2be59bf', 'width': 160}]",76,"[['Kane Brown'], ['RaeLynn'], ['Russell Dickerson'], ['Lauren Alaina'], ['Danielle Bradbery'], ['Kip Moore'], ['Chase Bryant'], ['Dylan Scott'], ['Dylan Schneider'], ['Maren Morris'], ['Jessie James Decker'], ['Canaan Smith'], ['Brothers Osborne'], ['Seth Ennis'], ['Cole Swindell'], ['Dan + Shay'], ['Sara Evans'], ['Maddie & Tae'], ['Chris Lane'], ['Drake White']]"
6r54QO0889i9vqaeuruUSn,Keeno,14393,"['chillstep', 'drum and bass', 'liquid funk', 'vocaloid']",6r54QO0889i9vqaeuruUSn,"[{'height': 640, 'url': 'https://i.scdn.co/image/6aa9080ef9c3c2b5028916887e27564e7a58dc28', 'width': 640}, {'height': 320, 'url': 'https://i.scdn.co/image/7bacd9cf32c9ee16710792e683670bc082f027c1', 'width': 320}, {'height': 160, 'url': 'https://i.scdn.co/image/45e22e2ac647f8f3818c2801ddb2dd8132e0df8c', 'width': 160}]",56,"[['Etherwood'], ['Fred V & Grafix'], ['Metrik'], ['S.P.Y'], ['Logistics'], ['Loadstar'], ['DC Breaks'], ['Maduk'], ['Friction'], ['Hugh Hardie'], ['Cyantific'], ['Wilkinson'], ['Ownglow'], ['Nu:Tone'], ['Whiney'], ['TC'], ['Brookes Brothers'], ['Technimatic'], ['Alix Perez'], ['Danny Byrd']]"
1pRaG81GsVtaTBuVSpldt2,Pop Evil,147985,"['alternative metal', 'nu metal', 'post-grunge', 'rap metal', 'rap rock']",1pRaG81GsVtaTBuVSpldt2,"[{'height': 640, 'url': 'https://i.scdn.co/image/dd63567cfddaa1d5a0e7cf809353925cb25a3462', 'width': 640}, {'height': 320, 'url': 'https://i.scdn.co/image/0fa607e5d7a4a05927fedc208868bc032ca966c9', 'width': 320}, {'height': 160, 'url': 'https://i.scdn.co/image/53f34c4184a99edc5ddb6bc67baa06e9e7ec866f', 'width': 160}]",64,"[['Art Of Dying'], ['Rev Theory'], ['Adelitas Way'], ['Saving Abel'], ['Royal Bliss'], ['Egypt Central'], ['Deepfield'], ['Stereoside'], ['The Veer Union'], ['Cavo'], ['Tantric'], ['My Darkest Days'], ['Rains'], ['Aranda'], ['Jet Black Stare'], ['Eve To Adam'], [""Shaman's Harvest""], ['Burn Halo'], ['One Less Reason'], ['Evans Blue']]"
6c0qylj1D1gqcUUN2P8Ofp,Javiera Mena,76799,['chilean rock'],6c0qylj1D1gqcUUN2P8Ofp,"[{'height': 640, 'url': 'https://i.scdn.co/image/9faf0c139882bb63bf09e3f073f88b54b7e5fb75', 'width': 640}, {'height': 320, 'url': 'https://i.scdn.co/image/a68b75185854868b07fac5caf022ebf4a94fd1c3', 'width': 320}, {'height': 160, 'url': 'https://i.scdn.co/image/081af81f364ff232289ae33397402ddc2dc47cbe', 'width': 160}]",55,"[['Alex Anwandter'], ['Gepe'], ['Mon Laferte'], ['Planeta No'], ['Alex & Daniel'], ['Tunacola'], ['( Me Llamo ) Sebastián'], ['Fármacos'], ['Dulce y Agraz'], ['Marineros'], ['Dúo Niágara'], ['Denise Rosenthal'], ['Tus Amigos Nuevos'], ['Niño Cohete'], ['Francisca Valenzuela'], ['Hot Box Machine'], ['Sonsout'], ['Javier Cavacini'], ['Supernova'], ['Paz Court']]"
6BoGPE6HncyAwa1Ka8uQVn,Amanda Cook,84,[],6BoGPE6HncyAwa1Ka8uQVn,"[{'height': 640, 'url': 'https://i.scdn.co/image/61d318902f1fe9f4e871d520172fe629d78dcf59', 'width': 640}, {'height': 300, 'url': 'https://i.scdn.co/image/dc1251faf6dee6658ec8762557de45a4c3d2ff8c', 'width': 300}, {'height': 64, 'url': 'https://i.scdn.co/image/49d2ec0515fcd2f71488569e8b75af2fbfd004e4', 'width': 64}]",27,"[['WorshipMob'], ['Lindy Conant'], ['Steffany Gretzinger'], ['Housefires'], ['Bryan & Katie Torwalt'], ['Stu Garrard'], ['Kalley Heiligenthal'], ['Jeremy Riddle'], ['Hannah McClure'], ['Sean Feucht'], ['Kristene Dimarco'], ['Jenn Johnson'], ['Mosaic MSC'], ['Bethel Music'], ['Red Rocks Worship'], ['Kim Walker-Smith'], ['Matt Stinton'], ['Misty Edwards'], ['Cageless Birds'], ['United Pursuit']]"
0LyfQWJT6nXafLPZqxe9Of,Various Artists,318169,[],0LyfQWJT6nXafLPZqxe9Of,[],0,[]
2cFrymmkijnjDg9SS92EPM,blackbear,929327,[],2cFrymmkijnjDg9SS92EPM,"[{'height': 640, 'url': 'https://i.scdn.co/image/b28a6d76166370d4b8d26102d63dd1a58fe8bdb9', 'width': 640}, {'height': 320, 'url': 'https://i.scdn.co/image/7296f1e8b9670c42a5f8b1d53435e9c672421ba4', 'width': 320}, {'height': 160, 'url': 'https://i.scdn.co/image/de50bee61a08ad9ab4f5cad2fa23c1f8c9c3c757', 'width': 160}]",89,"[['gnash'], ['Kehlani'], ['mansionz'], ['Aminé'], ['Travis Scott'], ['Jon Bellion'], ['Roy Woods'], ['MOD SUN'], ['Hoodie Allen'], ['Jaden Smith'], ['Bryson Tiller'], ['Jhene Aiko'], ['Mac Miller'], ['Amir Obe'], ['Russ'], ['Luke Christopher'], ['dvsn'], ['Vic Mensa'], ['Niykee Heaton'], ['William Singe']]"
6CQGrt3AJ2gx5oMSR0mwbl,1K Phew,4009,[],6CQGrt3AJ2gx5oMSR0mwbl,"[{'height': 640, 'url': 'https://i.scdn.co/image/06fec7fc3649f099110dac206a68dd99e5d6c718', 'width': 640}, {'height': 320, 'url': 'https://i.scdn.co/image/fb4703c78fa3fb78b87ff10f8bd57f3fe2c612ad', 'width': 320}, {'height': 160, 'url': 'https://i.scdn.co/image/8a9eda49f9a74aec3e68d45598e32fc3289e39e5', 'width': 160}]",56,"[['Joey Jewish'], ['Mogli the Iceburg'], ['Wordsplayed'], ['Kaleb Mitchell'], ['Aha Gazelle'], ['Ty Brasel'], ['Taelor Gray'], ['Lawren'], ['Brvndon P'], ['nobigdyl.'], ['Tony Tillman'], ['Adrian Stresow'], ['Beleaf'], ['Zauntee'], ['Jarry Manna'], ['Shiwan'], ['Ruslan'], ['Deraj'], ['GAWVI'], ['Steven Malcolm']]"
2zmrsXMHxagFz6vI2cD7r6,Ella Vos,40289,"['indie poptimism', 'pop', 'tropical house', 'vapor soul']",2zmrsXMHxagFz6vI2cD7r6,"[{'height': 640, 'url': 'https://i.scdn.co/image/04281f04df3c5c6caa5d40e7b40cf1b1183c32a3', 'width': 640}, {'height': 320, 'url': 'https://i.scdn.co/image/69e0edcd708ece84324cc84b758d0a9503fc7bba', 'width': 320}, {'height': 160, 'url': 'https://i.scdn.co/image/5cc6f4ccf9bad467d3f043856a2135b839e1ebaa', 'width': 160}]",72,"[['EXES'], ['Billie Eilish'], ['LÉON'], ['Handsome Ghost'], ['machineheart'], ['Wrabel'], ['Mothica'], ['XY&O'], ['Glades'], ['VÉRITÉ'], ['ayokay'], ['Astronomyy'], ['FRND'], ['Luna Shadows'], ['Chelsea Cutler'], ['FRENSHIP'], ['Shoffy'], ['Flor'], ['Emmit Fenn'], ['MUNA']]"
18HVMQsV3tINaTyzT5UIjH,CyHi The Prynce,25224,"['pop rap', 'rap', 'southern hip hop', 'trap music']",18HVMQsV3tINaTyzT5UIjH,"[{'height': 640, 'url': 'https://i.scdn.co/image/ed46702d2c9cbad38e8fe72d9edc7a7c5c14e3d8', 'width': 640}, {'height': 320, 'url': 'https://i.scdn.co/image/9be6f00558d16874a764af5f6d6f920eae05bda8', 'width': 320}, {'height': 160, 'url': 'https://i.scdn.co/image/cc7d84c6ddb3e4ee5ed42f3718ff2b83f5301097', 'width': 160}]",66,"[['Big K.R.I.T.'], ['Stalley'], ['Pusha T'], ['Smoke Dza'], ['Curren$y'], ['Freddie Gibbs'], ['Nipsey Hussle'], ['Joe Budden'], ['Royce Da 5\'9""'], ['Jay Rock'], ['The Cool Kids'], ['Ab-Soul'], ['Clipse'], ['Big Boi'], ['Dom Kennedy'], ['DJ Kay Slay'], ['Dave East'], ['Audio Push'], ['Troy Ave'], ['Rapsody']]"
4NHQUGzhtTLFvgF5SZesLK,Tove Lo,1182963,"['dance pop', 'edm', 'metropopolis', 'pop', 'post-teen pop', 'swedish pop', 'swedish synthpop', 'tropical house']",4NHQUGzhtTLFvgF5SZesLK,"[{'height': 640, 'url': 'https://i.scdn.co/image/f74839ff35613937b49162997f4087deab2d592c', 'width': 640}, {'height': 320, 'url': 'https://i.scdn.co/image/8b35970a418114d27abff77cdc37b1fcd34afd29', 'width': 320}, {'height': 160, 'url': 'https://i.scdn.co/image/d3434551481cb758adfffa9cc21669ecc0dc6b15', 'width': 160}]",84,"[['Zara Larsson'], ['Tove Styrke'], ['Betty Who'], ['Ellie Goulding'], ['Charli XCX'], ['Halsey'], ['Allie X'], ['Elliphant'], ['Icona Pop'], ['LÉON'], ['Lorde'], ['Zella Day'], ['MØ'], ['Kesha'], ['Broods'], ['Carly Rae Jepsen'], ['Dua Lipa'], ['Marina and the Diamonds'], ['Alessia Cara'], ['Lykke Li']]"
586uxXMyD5ObPuzjtrzO1Q,Sofi Tukker,79039,['tropical house'],586uxXMyD5ObPuzjtrzO1Q,"[{'height': 640, 'url': 'https://i.scdn.co/image/07f42d2cc0d17873207555821819acc10e9396d6', 'width': 640}, {'height': 320, 'url': 'https://i.scdn.co/image/a15529620f3e6aee82cf30e5945f09e58451d380', 'width': 320}, {'height': 160, 'url': 'https://i.scdn.co/image/388fabe29eb498ea4e8a3f854dbd05da52955b15', 'width': 160}]",70,"[['Hayden James'], ['Kungs'], ['Autograf'], ['Jerry Folk'], ['Tep No'], ['Phantogram'], ['The Knocks'], ['SNBRN'], ['Vintage Culture'], ['LEISURE'], ['ZHU'], ['Goldroom'], ['Bob Moses'], ['Diet Cig'], ['Elohim'], ['Jai Wolf'], ['RÜFÜS DU SOL'], ['Whilk & Misky'], ['HONNE'], ['Claptone']]"
22WZ7M8sxp5THdruNY3gXt,The Doors,1941420,"['album rock', 'blues-rock', 'classic rock', 'folk rock', 'hard rock', 'piano rock', 'psychedelic rock', 'rock']",22WZ7M8sxp5THdruNY3gXt,"[{'height': 1253, 'url': 'https://i.scdn.co/image/b8c3d75acf2d800defb05b8515445e6d064c97d5', 'width': 919}, {'height': 873, 'url': 'https://i.scdn.co/image/fdca4a508d930f9add0c73c33883a691cc3d8eaa', 'width': 640}, {'height': 273, 'url': 'https://i.scdn.co/image/9c97e2cbfe6d056026c2904a3f0e2c286f4b4061', 'width': 200}, {'height': 87, 'url': 'https://i.scdn.co/image/3da16e239906bb95e5c4858596b695deebf87260', 'width': 64}]",78,"[['Jefferson Airplane'], ['The Yardbirds'], ['The Animals'], ['Jim Morrison'], ['The Velvet Underground'], ['Jimi Hendrix'], ['Janis Joplin'], ['Cream'], ['The Byrds'], ['Steppenwolf'], ['The Who'], ['The Kinks'], ['Led Zeppelin'], ['The Rolling Stones'], ['Big Brother & The Holding Company'], ['Canned Heat'], ['Deep Purple'], ['Steve Miller Band'], ['Lou Reed'], ['Pink Floyd']]"
3JXpwnHbLvXxY99EuXqFPX,Poo Bear,8869,['deep pop r&b'],3JXpwnHbLvXxY99EuXqFPX,"[{'height': 1000, 'url': 'https://i.scdn.co/image/b18b4c0e3cb5a5506750e9b290d63c1aac514c1e', 'width': 1000}, {'height': 640, 'url': 'https://i.scdn.co/image/2bbb9c5442a052ecb637853931dd6e422671f0de', 'width': 640}, {'height': 200, 'url': 'https://i.scdn.co/image/749622b09013c60614d996232685a9331c3fa1ec', 'width': 200}, {'height': 64, 'url': 'https://i.scdn.co/image/24946da8cb43ccc58b510cd107b09c8cced190f8', 'width': 64}]",76,"[['Blaq Tuxedo'], ['Elijah Blake'], ['Verse Simmonds'], ['Justine Skye'], ['Adrian Marcel'], ['Khalil'], ['Emanny'], ['IZA'], ['Eric Bellinger'], ['ELHAE'], ['Lexa'], ['Preta Gil'], ['David Correy'], ['Lyrica Anderson'], ['Anitta'], ['Claudia Leitte'], ['Lia Clark'], ['Tia London'], ['Sevyn Streeter'], ['Silva']]"
6DIS6PRrLS3wbnZsf7vYic,WALK THE MOON,737111,"['indie pop', 'indie poptimism', 'indie rock', 'indietronica', 'modern rock', 'neo mellow', 'pop', 'pop rock', 'shimmer pop']",6DIS6PRrLS3wbnZsf7vYic,"[{'height': 640, 'url': 'https://i.scdn.co/image/f858c08a63571648979e69d9b21914208d0333aa', 'width': 640}, {'height': 320, 'url': 'https://i.scdn.co/image/ef4d68439d71851fc51d505a503a7a8beb81ffd0', 'width': 320}, {'height': 160, 'url': 'https://i.scdn.co/image/a977a7e54053c91a09abfbb3b42853fa0a574730', 'width': 160}]",78,"[['Grouplove'], ['Smallpools'], ['Atlas Genius'], ['Youngblood Hawke'], ['Bleachers'], ['Young the Giant'], ['Grizfolk'], ['Saint Motel'], ['Passion Pit'], ['Magic Man'], [""The Mowgli's""], ['Neon Trees'], ['American Authors'], ['Bad Suns'], ['New Politics'], ['Matt and Kim'], ['COIN'], ['The Griswolds'], ['Vinyl Theatre'], ['Jukebox The Ghost']]"
137W8MRPWKqSmrBGDBFSop,Wiz Khalifa,5904647,"['pop rap', 'rap', 'southern hip hop', 'trap music']",137W8MRPWKqSmrBGDBFSop,"[{'height': 640, 'url': 'https://i.scdn.co/image/52465652af91d7671c92b4b7fd49bc7470b95e38', 'width': 640}, {'height': 320, 'url': 'https://i.scdn.co/image/c1823ac84c4101c0dffaac562c03e739cdf2df75', 'width': 320}, {'height': 160, 'url': 'https://i.scdn.co/image/a4c3dc3a4d2b3a9ed6b0ced6d4a969789971ac7d', 'width': 160}]",91,"[['Tyga'], ['Curren$y'], ['Waka Flocka Flame'], ['Young Money'], ['Juicy J'], ['Wale'], ['Mac Miller'], ['Ace Hood'], ['Kid Ink'], ['Rick Ross'], ['B.o.B'], ['A$AP Rocky'], ['T.I.'], ['Meek Mill'], ['Lil Wayne'], ['Yo Gotti'], ['Pusha T'], ['Gorilla Zoe'], ['ScHoolboy Q'], ['DJ Drama']]"
4tususHNaR68xdgLstlGBA,Of Mice & Men,574321,"['alternative metal', 'emo', 'melodic metalcore', 'metalcore', 'nu metal', 'pop punk', 'post-grunge', 'post-screamo', 'rap metal', 'screamo']",4tususHNaR68xdgLstlGBA,"[{'height': 640, 'url': 'https://i.scdn.co/image/8342def9fdcd83781fdaa6c6056e3e7c345c6080', 'width': 640}, {'height': 320, 'url': 'https://i.scdn.co/image/174484813cde3dfc009373477a6760275bac361b', 'width': 320}, {'height': 160, 'url': 'https://i.scdn.co/image/3d0403208aaaed251950eb152c5b188a1f002fd6', 'width': 160}]",68,"[['Memphis May Fire'], ['The Word Alive'], ['We Came As Romans'], ['The Color Morale'], ['Woe, Is Me'], ['Attack Attack!'], ['Like Moths To Flames'], ['blessthefall'], ['Imminence'], [""Jamie's Elsewhere""], ['Our Last Night'], ['A Skylit Drive'], ['Asking Alexandria'], ['Miss May I'], ['I See Stars'], ['The Devil Wears Prada'], ['In Fear And Faith'], ['For All Those Sleeping'], ['Secrets'], ['Motionless In White']]"
1lc8mnyGrCLtPhCoWjRxjM,Flight Facilities,229129,"['alternative dance', 'aussietronica', 'australian dance', 'deep australian indie', 'indietronica', 'nu disco', 'tropical house']",1lc8mnyGrCLtPhCoWjRxjM,"[{'height': 640, 'url': 'https://i.scdn.co/image/19ff43adbda35cbd4d2f4cab4c58722d3e1a1edc', 'width': 640}, {'height': 320, 'url': 'https://i.scdn.co/image/67c2ab44aa53d2ce9a170f751b17368b0d85ca0b', 'width': 320}, {'height': 160, 'url': 'https://i.scdn.co/image/023701d2a922d3d5d00e27f6601ef73d3ba679a4', 'width': 160}]",67,"[['Hayden James'], ['Miami Horror'], ['Classixx'], ['Touch Sensitive'], ['Pnau'], ['Client Liaison'], ['SAFIA'], ['Poolside'], ['Goldroom'], ['Breakbot'], ['Golden Features'], ['The Kite String Tangle'], ['The Presets'], ['George Maple'], [""Cosmo's Midnight""], ['RÜFÜS'], ['Alpine'], ['Crooked Colours'], ['Kilter'], ['Boo Seeka']]"
4KWTAlx2RvbpseOGMEmROg,R.E.M.,886079,"['album rock', 'alternative rock', 'classic rock', 'dance rock', 'folk christmas', 'indie rock', 'mellow gold', 'modern rock', 'neo mellow', 'new wave', 'permanent wave', 'pop christmas', 'pop rock', 'rock']",4KWTAlx2RvbpseOGMEmROg,"[{'height': 1016, 'url': 'https://i.scdn.co/image/3ef4b92f85f8d7b902dd2b9a31dd112fc61a6708', 'width': 1000}, {'height': 650, 'url': 'https://i.scdn.co/image/3831a666a1fe9b724dc74358364e2df9a0fdf3cf', 'width': 640}, {'height': 203, 'url': 'https://i.scdn.co/image/b6958265f643f03a55cd9e7bcb5caff64284958b', 'width': 200}, {'height': 65, 'url': 'https://i.scdn.co/image/ff798b612f464f776243722cc86bcc70a34a63ae', 'width': 64}]",77,"[['The Lemonheads'], ['Soul Asylum'], ['Gin Blossoms'], ['The Replacements'], ['Manic Street Preachers'], ['Pixies'], ['10,000 Maniacs'], ['James'], ['Echo & the Bunnymen'], ['Pretenders'], ['XTC'], ['The Breeders'], ['Pavement'], ['Toad The Wet Sprocket'], ['Elvis Costello & The Attractions'], ['Dinosaur Jr.'], ['The Verve'], [""Jane's Addiction""], ['Travis'], ['The Smashing Pumpkins']]"
10exVja0key0uqUkk6LJRT,Vance Joy,873796,"['folk-pop', 'indie folk', 'indie pop', 'modern rock', 'neo mellow', 'pop']",10exVja0key0uqUkk6LJRT,"[{'height': 640, 'url': 'https://i.scdn.co/image/7d186c3a80955b82a8cc46fe86bdf305478629e8', 'width': 640}, {'height': 320, 'url': 'https://i.scdn.co/image/23d0081dc5f325e131056197acad3ea0ca508eee', 'width': 320}, {'height': 160, 'url': 'https://i.scdn.co/image/6c125db9f5fb806775a1babff78a2fde23bdc367', 'width': 160}]",82,"[['George Ezra'], ['Hozier'], ['Tom Odell'], ['James Bay'], ['Ben Howard'], ['The Lumineers'], ['Passenger'], ['The Head and the Heart'], ['Of Monsters and Men'], ['Blind Pilot'], ['Grizfolk'], ['Mumford & Sons'], ['Foy Vance'], ['James Vincent McMorrow'], ['Benjamin Francis Leftwich'], ['Milky Chance'], ['Boy & Bear'], ['Kodaline'], ['Lord Huron'], ['Lewis Watson']]"
3rWZHrfrsPBxVy692yAIxF,Willow,150617,"['dance pop', 'deep indie r&b', 'escape room', 'indie r&b', 'pop', 'post-teen pop']",3rWZHrfrsPBxVy692yAIxF,"[{'height': 640, 'url': 'https://i.scdn.co/image/ffa1bdfa524bce83cf979f4777e41bfad4f9ec9a', 'width': 640}, {'height': 320, 'url': 'https://i.scdn.co/image/f5d458769457290444c15cc600703bd13b10534d', 'width': 320}, {'height': 160, 'url': 'https://i.scdn.co/image/d3fe28b989a7992cdf459fb5fa690bb6e9b34449', 'width': 160}]",68,"[['Ravyn Lenae'], ['Sky Ferreira'], ['Doja Cat'], ['Chloe x Halle'], ['Kali Uchis'], ['Kelela'], ['Princess Nokia'], ['Syd'], ['Jaden Smith'], ['Kevin Abstract'], ['Steve Lacy'], ['Kilo Kish'], ['LION BABE'], ['FKA twigs'], ['Sevdaliza'], ['The Internet'], ['ABRA'], ['Sabrina Claudio'], ['Solange'], ['Azealia Banks']]"
6cXMpsP9x0SH4kFfMyVezF,Josh Groban,257086,"['adult standards', 'classify', 'operatic pop', 'pop christmas']",6cXMpsP9x0SH4kFfMyVezF,"[{'height': 640, 'url': 'https://i.scdn.co/image/8f9908fa0d8c64562214e7ca5c7de4546b30a9c5', 'width': 640}, {'height': 320, 'url': 'https://i.scdn.co/image/407c705fcd4ce008c90f1e93f34efcc91728f23c', 'width': 320}, {'height': 160, 'url': 'https://i.scdn.co/image/2f1bcc4986d5f4f373105345e9265a9d08d73ea8', 'width': 160}]",70,"[['Katherine Jenkins'], ['Jackie Evancho'], ['Susan Boyle'], ['Il Divo'], ['Hayley Westenra'], ['The Tenors'], ['Ernesto Cortazar'], ['Sarah Brightman'], ['Chloe Agnew'], ['Paul Potts'], ['Russell Watson'], ['Collabro'], ['Celtic Thunder'], ['Celtic Woman'], ['Barbra Streisand'], ['Original Broadway Company of Natasha, Pierre and the Great Comet of 1812'], ['William Joseph'], ['Brittain Ashford'], ['Audra McDonald'], ['Grace McLean']]"
3M4ThdJR28z9eSMcQHAZ5G,The Fratellis,277995,"['alternative rock', 'garage rock', 'indie christmas', 'indie rock', 'modern rock']",3M4ThdJR28z9eSMcQHAZ5G,"[{'height': 640, 'url': 'https://i.scdn.co/image/6c3e6cb70056a9d6ce8b8de13b9d2930d266aa5f', 'width': 640}, {'height': 320, 'url': 'https://i.scdn.co/image/26c3fdb7deaee1d88ce0f67db7cb8db130e80c68', 'width': 320}, {'height': 160, 'url': 'https://i.scdn.co/image/423dc60b22970de0d147fac10c7565b71733a867', 'width': 160}]",68,"[['Dirty Pretty Things'], ['Razorlight'], ['Kaiser Chiefs'], ['The Libertines'], ['The Pigeon Detectives'], ['Franz Ferdinand'], ['The Enemy'], ['Babyshambles'], ['Hard-FI'], ['The Subways'], ['We Are Scientists'], ['Maximo Park'], ['The Last Shadow Puppets'], ['The View'], ['The Hoosiers'], ['The Wombats'], ['The Kooks'], ['The Cribs'], ['Kasabian'], ['The Hives']]"
7dOBabd5O4CvKrg4iriHTM,Kid Rock,373939,"['alternative metal', 'nu metal', 'post-grunge', 'rap metal', 'redneck', 'rock']",7dOBabd5O4CvKrg4iriHTM,"[{'height': 640, 'url': 'https://i.scdn.co/image/89f8d2b745e628e73886533744c8df602328874e', 'width': 640}, {'height': 320, 'url': 'https://i.scdn.co/image/2c800f3eb084ac9ad69eeaf08445654b3edd2357', 'width': 320}, {'height': 160, 'url': 'https://i.scdn.co/image/7b0e6d18aee2026112ff3706bb31bf815703bf57', 'width': 160}]",73,"[['Uncle Kracker'], ['Buckcherry'], ['Rehab'], ['Aaron Lewis'], ['Hank Williams, Jr.'], ['The Charlie Daniels Band'], ['Colt Ford'], ['Moonshine Bandits'], ['Jamey Johnson'], ['Travis Tritt'], ['Jackyl'], ['Montgomery Gentry'], ['David Allan Coe'], ['The Cadillac Three'], ['The Lacs'], ['Big Smo'], ['Justin Moore'], ['Josh Thompson'], ['Trace Adkins'], ['Puddle Of Mudd']]"
2gXmjQIxCO8lMnSncluZaU,Cory Asbury,23812,"['anthem worship', 'christian uplift', 'deep ccm', 'worship']",2gXmjQIxCO8lMnSncluZaU,"[{'height': 640, 'url': 'https://i.scdn.co/image/022af3d5b6145c352e7345c73c651a72ba2d0fde', 'width': 640}, {'height': 320, 'url': 'https://i.scdn.co/image/23bdea24a4fa02077f65e089270499e2f5555171', 'width': 320}, {'height': 160, 'url': 'https://i.scdn.co/image/87199fb53259d270f6e5980f9f04af1afefff56e', 'width': 160}]",59,"[['Matt Gilman'], ['Laura Hackett'], ['Justin Rizzo'], ['Misty Edwards'], ['United Pursuit'], ['Luke Wood'], ['Jon Thurlow'], ['Sean Feucht'], ['John Mark McMillan'], ['Jaye Thomas'], ['David Brymer'], ['Audra Lynn'], ['Jason Upton'], ['Jake Hamilton'], ['Jeremy Riddle'], ['Rick Pino'], ['Jonathan David Helser'], ['Jenn Johnson'], ['Christ For The Nations Music'], ['Jonas Park']]"
1VrWc8r4AjrR8YfT0vlsc7,Chyno Miranda,20924,['pop reggaeton'],1VrWc8r4AjrR8YfT0vlsc7,"[{'height': 640, 'url': 'https://i.scdn.co/image/d5129c460e0ebf10d671d6ed81ae0bc5a6f9dda4', 'width': 640}, {'height': 320, 'url': 'https://i.scdn.co/image/0e574ffadd17f129347e8a640c9812c17bbdf055', 'width': 320}, {'height': 160, 'url': 'https://i.scdn.co/image/e29ba0727d84f4da1dca954b6548e81743a20bf7', 'width': 160}]",66,"[['Victor Drija'], ['Nacho'], ['Calle Ciega'], ['Gustavo Elis'], ['Andy Rivera'], ['Valentino'], ['Corina Smith'], ['Victor Muñoz'], ['Servando & Florentino'], ['Feid'], ['Danny Ocean'], ['Vos Veis'], ['La Melodia Perfecta'], ['Guaco'], ['Yordano'], ['Dyland & Lenny'], ['Sanluis'], ['Voz Veis'], ['Jonathan Moly'], ['Sixto Rein']]"
5sEDTHJJyDEWVFx99hGSIb,Mark Mothersbaugh,7402,[],5sEDTHJJyDEWVFx99hGSIb,"[{'height': 908, 'url': 'https://i.scdn.co/image/657105ef327c05a86c87884e67b16705bc8f5f6b', 'width': 1000}, {'height': 581, 'url': 'https://i.scdn.co/image/07e75e6e397923fd52cbdaaee799115d5862081a', 'width': 640}, {'height': 182, 'url': 'https://i.scdn.co/image/edb967fbb360ecda9a477bc5b6b49bf1d3c92276', 'width': 200}, {'height': 58, 'url': 'https://i.scdn.co/image/3bab4c61a6f7aafe94262903cda03a5470d14125', 'width': 64}]",60,"[['Alan Silvestri'], ['John Ottman'], ['Henry Jackman'], ['Brian Tyler'], ['Marco Beltrami'], ['Rupert Gregson-Williams'], ['Tyler Bates'], ['John Paesano'], ['Michael Giacchino'], ['Danny Elfman'], ['Geoff Zanelli'], ['Jerry Martin'], ['Lorne Balfe'], ['Ilan Eshkeri'], ['Steve Jablonsky'], ['James Newton Howard'], ['Blake Neely'], ['John Debney'], ['Christopher Drake'], ['Marc Russo']]"
0QJKELJZZuLAjqLOOixJm5,The Bloody Beetroots,137206,"['alternative dance', 'complextro', 'edm', 'electro house', 'electronic', 'fidget house', 'filter house', 'new rave']",0QJKELJZZuLAjqLOOixJm5,"[{'height': 640, 'url': 'https://i.scdn.co/image/58b708b78fcd15de5c56929f864b083045973764', 'width': 640}, {'height': 320, 'url': 'https://i.scdn.co/image/b24140fa5a22245c444c5a13e72e9c9e24082443', 'width': 320}, {'height': 160, 'url': 'https://i.scdn.co/image/a8d7539e718d6aa43b1574e0bb202ee229c7068c', 'width': 160}]",59,"[['Boys Noize'], ['The Toxic Avenger'], ['MSTRKRFT'], ['Busy P'], ['Danger'], ['Digitalism'], ['Fukkk Offf'], ['Vitalic'], ['Mr. Oizo'], ['Crookers'], ['Yuksek'], ['Cyberpunkers'], ['Justice'], ['Goose'], ['Wolfgang Gartner'], ['Proxy'], ['Simian Mobile Disco'], ['SBCR'], ['Kavinsky'], ['Feed Me']]"
4HzKw8XcD0piJmDrrPRCYk,Majid Jordan,205410,"['deep indie r&b', 'indie r&b', 'pop rap', 'r&b', 'rap']",4HzKw8XcD0piJmDrrPRCYk,"[{'height': 640, 'url': 'https://i.scdn.co/image/1ea6780654bb793af2a6befceb82ec86149f8608', 'width': 640}, {'height': 320, 'url': 'https://i.scdn.co/image/044a7a800e2432097e6a560904887bba3b0042fb', 'width': 320}, {'height': 160, 'url': 'https://i.scdn.co/image/10a4fd101d14e5d4deaec1e36e41d802228e6b8a', 'width': 160}]",78,"[['dvsn'], ['Roy Woods'], ['PARTYNEXTDOOR'], ['Ramriddlz'], ['Jhene Aiko'], ['JMSN'], ['H.E.R.'], ['Shy Girls'], ['NAO'], ['TYuS'], ['Kehlani'], ['Daniel Caesar'], ['A.CHAL'], ['Miguel'], ['Bryson Tiller'], ['Kelela'], ['LION BABE'], ['The Internet'], ['JAHKOY'], ['Ella Mai']]"
