Words I Never Said,Ella Vos,2zmrsXMHxagFz6vI2cD7r6,5m8p6d8kDFfNOOi4Wr7w44
No Dope On Sundays,CyHi The Prynce,18HVMQsV3tINaTyzT5UIjH,79yQxmlPsMM41NH3AiVSNK
BLUE LIPS (lady wood phase II),Tove Lo,4NHQUGzhtTLFvgF5SZesLK,6jggnLM3SdDnjQ3GWmIZ4L
Energia,Sofi Tukker,586uxXMyD5ObPuzjtrzO1Q,3BucwcL5TrZUK6eWWDmWfy
Strange Days (50th Anniversary Expanded Edition) [Remastered],The Doors,22WZ7M8sxp5THdruNY3gXt,6bGa4Ox4GI6WAdsLbrR0bw
All We Can Do,Poo Bear,3JXpwnHbLvXxY99EuXqFPX,4MiHnzWA3mlUj0PfsHecE6
What If Nothing,WALK THE MOON,6DIS6PRrLS3wbnZsf7vYic,4fe1YmssM6Ugs6UyA7OdGg
"Laugh Now, Fly Later",Wiz Khalifa,137W8MRPWKqSmrBGDBFSop,7gGdhlPptWrRYPXZw3j8dS
Warzone,Of Mice & Men,4tususHNaR68xdgLstlGBA,5VxgBFJF9bIkp3lqCcyQch
Stranded,Flight Facilities,1lc8mnyGrCLtPhCoWjRxjM,3gicA27LhgeoVz9hHEeJOT
Automatic For The People (25th Anniversary Edition),R.E.M.,4KWTAlx2RvbpseOGMEmROg,3sDXivpN7CmCKbQRRsRzw8
Like Gold,Vance Joy,10exVja0key0uqUkk6LJRT,6yRUQ6BsMwy64HN85KDOol
The 1st,Willow,3rWZHrfrsPBxVy692yAIxF,0YrdQQiUYjNmLPs0SI53qy
Noël (Deluxe Edition),Josh Groban,6cXMpsP9x0SH4kFfMyVezF,27Ovu2vEYcN7dcd27yRkGg
The Next Time We Wed,The Fratellis,3M4ThdJR28z9eSMcQHAZ5G,1t4jXQhOdhT742JcvlLx3F
Sweet Southern Sugar,Kid Rock,7dOBabd5O4CvKrg4iriHTM,519SZo5x38UD8Jg7AUXWWE
Reckless Love,Cory Asbury,2gXmjQIxCO8lMnSncluZaU,3d745uwfR4X2wk1E0wuaFS
Wash,Tourist,2ABBMkcUeM9hdpimo86mo6,5a93OsxGkd4K2zgdflh2vX
Hasta El Ombligo,Chyno Miranda,1VrWc8r4AjrR8YfT0vlsc7,2cOa4SS1rOzEGuHg5OBBwO
Permanent Vacation,The Academic,3VLf4DlBTN2ZRwygS3TNti,2iFmY0yY8k9jGyAu7bAv3S
Spotify Singles (Recorded At Sound Stage Nashville),Jillian Jacqueline,5GDZ6xhBwk7Yja97CFLmV7,0wx6mlaSSj1ckHaKRNTOJh
Thor: Ragnarok (Original Motion Picture Soundtrack),Mark Mothersbaugh,5sEDTHJJyDEWVFx99hGSIb,4gecrZPdDxMlVxBtpobpxr
The Great Electronic Swindle,The Bloody Beetroots,0QJKELJZZuLAjqLOOixJm5,5WdMuFT65WXigpOl3NNITH
Letters Never Read,Dori Freeman,4GCMwhffO4BBQZp2eoOapt,3SarATvyjJUcQqLhnjLid4
Body Talk,Majid Jordan,4HzKw8XcD0piJmDrrPRCYk,7lW5oqhn9507jNoHIe2v4B
